2560,2816,3072,3328,3584,3840,4096,4352,4608,4864,5120,5376,5632,5888,6144,6400,6656,6912,7168,7424,7680,7936,8192,8448,8704,8960,9216,9472,9728,9984,10240,10496,10752,11008,11264,11520,11776,12032,12288,12544,12800,13056,13312,13568,13824,14080,14336,14592,14848,15104,15360,15616,15872,16128,16384,16640,16896,17152,17408,17664,17920,18176,18432,18688,18944,19200,19456,19712,19968,20224,20480,20736,20992,21248,21504,21760,22016,22272,22528,22784,23040,23296,23552,23808,24064,24320,24576,24832,25088,25344,25600,25856,26112,26368,26624,26880,27136,27392,27648,27904,28160,28416,28672,28928,29184,29440,29696,29952,30208,30464,30720,30976,31232,31488,31744,32000,32256,32512,32768,33024,33280,33536,33792,34048,34304,34560,34816,35072,35328,35584,35840,36096,36352,36608,36864,37120,37376,37632,37888,38144,38400,38656,38912,39168,39424,39680,39936,40192,40448,40704,40960,41216,41472,41728,41984,42240,42496,42752,43008,43264,43520,43776,44032,44288,44544,44800,45056,45312,45568,45824,46080,46336,46592,46848,47104,47360,47616,47872,48128,48384,48640,48896,49152,49408,49664,49920,50176,50432,50688,50944,51200
1401,1256,1019,1432,1495,1492,1221,1397,1491,1594,2459,2043,1845,1641,1775,2287,2416,1913,2036,2550,2464,2415,2199,2549,2494,2873,2695,2975,2592,2739,2911,2821,3440,2691,2607,3242,3181,3291,3395,3526,3677,3842,4144,4057,3526,3819,3828,3685,4265,4218,4004,5048,4940,4617,4431,4808,4308,4143,4581,5155,4636,5604,4668,4977,4587,4752,4639,5309,4968,5241,4842,5278,4870,5416,5292,5599,5552,5499,5689,5874,5961,5916,5464,5777,5843,6359,5403,6099,5638,6404,6140,6145,6599,6078,6319,6636,6881,6653,6902,6155,6798,7140,6838,6603,6920,7423,7503,7727,7235,6990,7514,7800,8650,8021,7802,7693,7997,7853,7570,7514,7545,7719,8494,8296,8208,8557,8735,8388,8282,7694,8172,8672,8559,8294,8283,8795,8930,8941,9510,9313,8873,9455,9399,9451,9953,8920,9698,9103,9894,10862,9953,10626,9723,9648,10336,10821,9856,9620,10121,9952,10920,10685,10300,10031,10387,11486,9718,10770,10635,11220,10464,10613,10748,10531,10655,10890,11127,10982,11664,11682,12052,11768,11192,11558,11602,11857,12641,12688,11639,12067,11876
473,531,681,718,614,755,952,1217,1082,895,968,1187,1175,1051,1281,1405,1376,1536,1536,1449,1659,1841,1914,1837,1752,1698,1949,2187,2410,2169,2013,2194,2357,2443,2438,2324,2461,2219,2612,3597,2769,3028,3316,3179,3416,3350,3169,3082,3014,3488,3601,4344,3800,3273,4015,4220,4165,4207,3482,3752,4032,4548,4135,3836,4155,3803,4327,4483,4566,4355,4439,4722,4644,4537,4978,4651,4877,4776,4998,4913,5111,5331,5161,5600,5042,5054,5488,5349,5691,5686,5440,5570,5498,5875,5456,5588,5460,6318,6051,5407,6299,5908,6291,6636,6183,6282,6600,6486,7123,6847,6368,6999,7113,7021,7259,6583,7019,7050,7255,6778,6895,7607,7221,7849,7002,7531,7637,7596,8059,7799,7921,8025,7866,7925,8391,7681,7790,8568,7989,8503,8833,8457,9443,8299,7780,8920,8399,8134,8803,8516,9275,9575,8526,9088,8858,9256,8584,9572,9671,9399,9446,10223,9660,9684,9577,9637,9711,10189,10378,9966,9916,10073,10604,9885,10096,10820,10060,10774,10829,10935,10384,10670,10412,10362,10994,10492,11820,11531,11632,10529,12325
516,599,730,737,730,986,703,935,1009,1068,1010,861,1076,1241,1329,1433,1248,1516,1217,1482,1700,1688,1687,2089,1688,2167,2090,1921,2261,2317,1756,2005,2459,2598,2561,2279,2699,2466,2820,2963,2895,3086,3127,2810,3630,3413,3039,2995,3160,3640,3859,4058,3379,3401,4024,3771,3937,4224,4082,3631,3980,4524,3701,3571,4204,4275,3920,4507,4367,4481,4555,5015,4664,4675,4934,4365,4728,4503,5086,4843,4924,4897,5025,5405,4863,4845,5346,5592,5185,5683,5657,6112,5781,5359,6489,6059,5755,6473,6169,5840,6597,6151,6207,6130,5952,7117,6269,6427,6798,6888,6575,6877,6571,7246,7359,6715,7312,6753,6880,7030,7460,7704,6481,7133,7422,7563,7389,7949,7599,7715,8313,8219,7618,8338,8038,7935,7601,8691,8324,8609,8856,8173,8860,8572,8385,8860,8737,8466,8605,8859,8562,8427,9813,9750,9448,9430,9356,9955,9439,9521,9147,10533,9513,9795,10097,9577,9945,9634,10000,10388,9966,9797,10148,10978,10407,10654,10320,10380,10382,10976,19761,10627,10972,11335,10831,10552,11519,12182,10508,11238,10886
604,653,682,808,899,962,1050,972,984,942,903,1091,1114,1063,1232,1201,1486,1379,1457,1562,1595,1599,1749,1955,1681,2049,2212,2136,1870,2240,2074,1978,2121,2750,2342,2596,2463,2631,2800,2675,3052,2961,3334,2921,3061,3264,3222,3439,3526,3571,3499,4212,3805,3876,3900,3913,4101,4172,4535,3809,4007,4314,4055,3538,3798,4419,4420,4368,4363,4140,4549,4570,4047,4680,4519,5207,4778,4801,4789,4957,5125,5612,5131,5157,4874,5298,5423,5734,5404,5163,5592,5776,5551,6003,5673,6120,6016,6026,6257,5381,6494,6296,6104,6314,6617,6842,6682,7019,6138,6646,6859,6898,6642,6467,7202,6931,7265,7178,7132,6526,6590,7596,7140,7208,7985,7141,8134,7415,7426,7283,8067,7699,7676,7948,8087,8302,8119,8261,8530,8540,7963,8632,17890,8577,9077,9222,8716,7837,9009,8858,9216,9651,9483,9497,9467,9753,9220,9820,9698,9688,9162,9263,15270,9985,9293,9510,9513,9589,9464,9897,10390,10223,10045,10476,10540,10366,10420,10592,10458,10855,10798,11169,10750,10693,10532,10933,11210,10958,10886,11042,11134
491,538,664,639,728,699,884,1010,828,1014,1170,1203,1110,1286,1330,1258,1481,1478,1298,1547,1508,1604,1571,1886,1917,1797,1920,2202,1983,2119,2144,2159,2132,2543,2413,2260,2506,2669,2259,3138,3108,3085,2983,2734,3451,3217,3199,3145,3281,3736,3503,4155,3767,3624,4375,3737,3746,3770,4292,3858,3571,4348,3855,3939,4295,4248,4315,4529,4325,28105,4694,4625,4578,4505,4559,4503,4947,4872,4951,4906,5326,5198,5166,5185,4976,4714,5460,5773,5274,5599,5018,5661,5826,5671,5809,6063,6205,6143,5973,5502,6138,6110,6267,6272,6174,6435,6458,6756,6885,6859,7125,6868,7034,6984,6771,7170,7140,7263,6996,7018,7121,7254,6945,7948,6711,7882,7777,7024,7603,8120,7899,8021,7992,7795,8025,8084,8059,7934,8355,8399,8192,8408,9163,8399,9010,9058,9431,8322,9105,9003,8588,9041,9961,9048,9026,9135,9300,9185,9342,9692,9534,9832,10097,9303,9865,9984,10757,10382,9986,10415,10037,10391,10638,10216,9700,10358,10395,11020,10181,10904,11539,11137,11384,10751,10958,11253,11296,11537,11025,11353,10913
542,579,720,793,762,875,884,847,953,971,868,1265,1212,1202,1159,1327,1439,1403,1387,1646,1561,1765,1544,1365,1731,1724,2072,2104,1999,2031,1756,1947,2302,2336,2358,2526,2574,2661,2619,3045,2923,3022,3352,3311,3664,3175,3258,3395,2919,2901,3620,4311,3729,3560,4038,3472,3921,4127,4420,4212,3728,4350,3658,4327,4158,3965,4460,4400,4213,4483,4417,4330,4268,4793,4694,4815,5056,4856,5082,5159,4935,5317,4785,5410,5041,5542,5221,5533,5724,5685,5781,5758,6025,5940,5562,5596,5573,6145,6500,5702,5964,5768,6592,6176,6296,6240,6082,6425,6567,6803,6659,6883,6660,7052,6679,6816,6884,7454,7113,6719,7540,7475,7735,7189,7138,7132,8515,7596,7824,8153,7792,8101,7664,8217,7878,8396,8338,8340,7994,8255,9111,8062,8409,7856,8367,8553,8767,8078,8907,8880,9609,9265,8429,9741,9097,9116,9395,9636,9359,9660,9521,9898,9667,10525,10298,10128,9664,9593,9807,10666,10450,10096,10339,10678,10686,11205,10426,11554,10856,11215,10279,10978,10902,11093,11133,11624,10902,11224,11422,11701,12459
632,756,753,654,734,704,977,870,902,855,1095,1184,1225,1304,1392,1406,1458,1383,1331,1407,1790,1682,1751,1788,1668,1665,1989,1636,1791,2087,1822,1866,2307,2510,2499,2281,2388,2513,2711,2874,2690,3191,3277,2871,3263,3025,3017,3022,3305,3878,3751,3739,3790,3721,3909,4020,4243,3704,3963,3311,3966,4548,3769,3691,4359,3958,4034,4192,4122,4571,4677,4915,4517,4651,4526,4763,4780,4829,5862,4858,5125,5247,5304,5321,5077,5422,5283,5629,40007,5407,5521,5762,5433,5677,5657,6162,5625,6059,6277,5538,6187,6370,6168,6806,6571,6709,6194,6443,6442,6902,7119,7071,6352,7081,7171,7000,7153,6903,7249,6831,7489,7065,7172,7331,7746,7255,7421,7623,7976,7853,7521,8024,7893,8420,8140,8878,8307,8793,7869,9002,8558,8399,8941,8539,8885,8248,9406,8620,9155,9339,9651,9446,10357,9570,9144,9458,9344,10214,9485,9638,9792,9482,9293,10055,10414,10289,10098,10540,11169,10713,10777,9995,10476,10840,10814,10958,9794,10764,11370,11233,10316,10894,11184,11880,11386,11980,11991,11870,11627,11277,11893
407,619,785,790,814,832,911,809,1151,851,1147,1035,1168,1193,1229,1312,1808,1575,1336,1615,1815,1657,1710,1803,1561,2040,1986,1899,2138,2188,2010,2013,2366,2447,2371,2373,2244,2548,2391,3282,2891,2528,3025,2544,3323,2963,2985,3474,2715,3016,3540,3818,3441,3189,3822,4233,4125,3875,4283,4139,3872,3313,3690,3777,3996,4218,3758,4075,4329,4152,4383,4669,4959,4677,4532,4762,4612,5405,4992,4565,5312,5455,4848,5025,4982,5695,5154,5665,5534,5463,5446,5803,5697,5724,5828,6115,5769,5854,5890,5638,6621,6244,6275,6354,6847,6977,6811,6716,6573,6483,6771,7247,7077,7018,7234,7425,7654,6651,7179,7519,7353,7877,7658,7181,7279,7676,7249,8036,7711,8127,8211,8297,7950,8322,8519,8227,8651,8224,8763,8598,8420,8901,8549,8819,9503,8755,8650,8030,9122,8836,9830,9783,9436,9773,9412,9675,9982,9890,8854,9828,9817,9492,9736,10357,9422,10620,10019,10375,10218,10486,10005,10182,10476,10759,10141,10919,11218,10562,11168,10916,10493,11587,11197,11450,11071,12381,11869,11552,11417,11645,11483
702,585,710,718,702,822,701,743,1030,1096,1043,947,1045,1373,903,1394,1502,1460,1661,1525,1559,1498,1794,1805,1772,2190,1829,1779,1976,2176,2051,2228,2285,1974,2499,2487,2530,2614,2595,2301,2955,3064,3247,2885,3266,3129,3004,2903,3248,3041,3354,4402,3220,3582,2810,4261,4069,3356,3388,4483,3976,4149,3746,4180,3795,3962,4060,4435,4196,4414,4634,4379,4652,4119,4796,4556,4926,5109,5009,4941,5120,5188,5225,5296,4911,5263,5031,5490,5169,5605,5548,5686,5566,5750,5749,5969,5781,5497,6249,5792,6393,6695,6649,6112,6556,6516,6576,6710,6966,6824,7163,6884,7355,7141,6633,7121,7679,7072,7902,7334,7478,7574,7978,7615,7607,8007,7767,7862,7989,7832,8605,7835,7933,8212,8108,8217,8444,8114,8888,8538,9015,9448,8855,9500,8962,8870,9359,8944,9696,9623,9640,9562,9146,9396,9559,10019,9542,9497,10089,9536,9840,10078,9386,10150,9937,9984,10547,9743,9654,9714,9867,10727,10442,9841,10474,10904,10933,11732,10457,11286,12000,11591,11107,11049,11037,15637,10918,11748,11260,11221,11346
461,501,762,818,591,747,837,938,885,1020,1159,1022,1214,1283,1170,1407,1305,1344,1591,1546,1684,1549,1735,1801,1569,1630,1771,1940,2069,2179,1862,2052,10875,2198,2444,2309,2746,2627,2717,3030,2866,3154,3192,2783,3039,2628,2933,3116,3168,3673,3412,4087,3912,3483,3120,3945,4187,3824,3774,3410,4215,3847,3663,3958,4087,3980,4347,4171,4268,4125,4514,4494,4354,4766,4817,4973,5016,5124,5302,5071,4696,4942,5132,5556,4990,5083,5391,5212,5502,5723,5938,5565,5812,6362,5301,5696,5944,6293,6447,5891,6360,7019,6355,6856,5673,6422,6652,7002,6892,7138,6893,6852,7211,7020,7083,6755,6664,7302,7338,7184,7570,7502,7826,7680,7812,7789,8118,7856,7739,8201,7789,8420,7786,8300,7996,8869,8230,9345,8340,8234,8883,8914,8641,8722,8934,8684,9038,8476,9191,9456,9435,8997,9351,9276,8988,9209,9477,10219,9800,10364,9535,10255,13783,9932,10201,10320,10397,10770,10817,10669,9986,9988,10067,10357,10591,11142,10225,11530,11104,10783,11589,11114,11329,10895,11794,16407,11190,11669,11929,11664,11917
600,836,514,579,753,882,750,813,930,1061,943,981,1248,1163,1427,1334,1147,1286,1320,1223,1498,1376,1646,2069,1640,1998,2105,1944,2175,2035,1830,2062,2228,2046,2386,2431,2410,2327,2641,2381,2686,3191,2633,2893,3162,3213,2950,3298,3122,3331,3802,3654,3407,3640,3508,3969,3447,4009,3788,4121,3651,4567,3921,4061,4636,4169,4200,4233,4215,4570,4525,5125,4403,4618,4562,4828,4675,4877,5021,4858,5079,5038,5163,5321,5252,5518,5725,5410,5292,5871,5144,5835,5502,6151,5710,6060,5746,6440,6014,5250,6737,6518,6972,6870,6752,7256,6642,7222,6978,6876,6976,6641,6752,7251,7498,7228,7025,7158,7351,7083,8002,7189,8060,7566,7406,7913,7926,7901,8366,7534,8440,8625,7787,8455,8395,8608,8423,8677,8498,8662,9118,8897,8168,9280,9011,9040,9420,8967,9173,8652,9309,9542,10035,10079,9030,9233,9873,9610,9827,9865,9336,10253,9720,9676,10280,10083,10402,11059,10166,10230,10875,10648,10366,11189,10485,11478,10506,10529,10969,11624,11326,10722,11042,11728,11301,16433,11868,11693,12140,11293,12044
448,660,728,708,770,861,932,1032,998,930,1343,1139,1112,1396,1489,1475,1476,1367,1543,1491,1638,1684,1702,1703,1601,1731,2046,2071,2157,2105,2222,2083,2400,2011,2585,2536,2466,2564,2749,2630,2682,2677,3134,2868,2719,3125,3140,3078,3357,3727,2941,3900,3401,3918,3859,3639,4085,4377,3742,4248,3934,3628,3875,3806,4025,4270,4013,4023,4116,4558,4679,4378,4811,4698,4186,4894,4697,4866,5041,5524,5217,5441,5401,5409,4885,5281,5291,5242,5356,5652,5823,5695,5887,6173,6302,6132,6561,5986,5892,5683,6774,6167,5922,6638,6857,6934,6309,7158,6140,6701,6996,7192,7379,7241,7364,7281,7273,6909,7679,6883,7265,7342,7407,7328,7204,8338,8149,7651,7858,7906,7458,7940,7624,7698,8293,8406,8272,8583,8988,8866,8210,9337,8965,9459,9166,9556,9294,7822,9756,9340,9472,9400,8942,9439,10008,8745,9561,9610,9284,9723,10353,9850,10741,10868,10295,10321,10085,10744,10207,10358,10866,10435,10251,10830,11141,10839,10508,10479,10541,10506,11185,11381,12119,11827,11077,23272,11520,11231,11863,12234,11774
583,500,696,739,829,689,802,910,992,1013,1012,1325,1084,1295,1466,1169,1676,1560,1595,1403,1609,1726,1783,1663,1458,1794,1693,2178,2038,2270,1780,2201,2152,2407,2326,2168,2446,2478,2529,2687,3275,2917,3111,2752,2762,2929,3028,3365,2855,3599,3285,4240,3194,3399,3124,3875,3373,4171,3838,3651,3638,4131,3710,3837,4040,4061,4544,4597,4418,4611,4646,4850,4554,4584,5363,4396,4960,5214,4434,4561,5049,5352,5327,5474,5240,5395,5386,5827,5587,5475,5982,5331,5721,5625,5712,6370,6036,6508,6468,5844,6285,6543,6720,6488,6756,6563,7300,6839,6621,6997,6874,6937,6805,7213,7387,7733,7529,7743,13714,7233,7635,7053,7530,8297,7820,7749,7307,7683,8299,7907,7818,7335,7365,8185,8722,8055,8875,8004,8881,9314,8710,9277,8672,8470,9359,8869,9139,8227,9152,9347,10040,9629,8866,9630,41709,9465,9639,9322,9475,10322,10252,10178,10990,9846,9963,10347,10015,10480,11248,9875,10034,10428,11077,10684,10115,10614,11001,11104,10871,10023,10595,11287,11908,10960,11585,13758,11441,11093,11620,11595,11870
772,543,724,652,756,859,753,1006,1017,1002,1160,820,1022,1176,1378,1508,1598,1402,1778,1400,1580,1650,1774,1984,1690,1908,1931,2103,1989,1844,2085,2011,2365,2740,2261,2678,2256,2455,2865,3163,2806,3047,3364,2718,3090,2899,3026,3223,2863,4129,3234,4051,3011,3725,3633,3759,3092,3578,3739,3863,3827,4820,3932,4183,4406,3774,3754,4180,3982,4362,4472,4428,4980,4908,5086,5174,4903,5486,5198,5451,5017,5066,5553,6134,5215,5112,5289,5662,5821,5530,5642,6376,6260,5898,5710,5659,6039,6354,6390,6101,6305,6610,6511,6573,6479,6241,6693,6602,7034,7129,7205,7224,6718,7397,7399,6923,6760,7803,7375,6794,8074,7547,7318,7901,7723,7500,7730,7776,7664,8360,8587,7912,8083,7821,8385,8427,7910,8869,8533,8576,8829,8470,9300,8967,8570,8893,9044,8535,8909,9076,9405,8911,9413,9701,9424,9182,9337,9889,9343,9476,9588,10095,12577,10278,10195,9761,10675,10172,10372,10239,10908,10118,11004,10676,10965,10505,9969,11033,10433,11200,11033,10823,11284,10628,11172,22576,11390,11272,11659,11036,11332
598,496,753,671,1056,838,717,838,1013,1022,1122,1214,1295,1422,1491,1373,1568,1557,1404,1400,1479,1683,1764,1958,1722,2035,1823,2010,2168,2103,2144,2003,2399,2620,2405,2377,3005,2584,2772,3511,3131,3100,2755,2543,2771,3373,3297,3092,3052,3119,3347,3524,3140,3337,4130,3245,3546,3626,3494,3472,3656,3399,4454,4014,4036,4507,4085,4169,4863,4517,4538,4877,4756,4668,4716,4735,4810,5123,5436,5223,5643,5254,5536,5181,5365,5591,5064,5469,5315,6121,5584,5541,5832,5690,5968,6210,5995,6639,6095,5463,6007,6338,6490,6540,6598,6994,6670,6567,6634,6859,7130,7048,7289,7186,7314,6870,7712,6920,6732,7205,8299,7804,7406,7637,7768,7703,7528,7800,8317,8576,8001,7904,7777,8597,8371,8085,7928,8333,8019,8856,8109,9383,8805,8632,9471,8908,9003,8197,8894,8722,9036,9007,9407,9638,8684,9567,9628,10036,10096,9391,10358,10240,11932,10224,9363,10426,9749,10200,10035,10378,10481,10280,10352,10168,11048,10437,10297,10888,11039,11340,10344,10436,11354,11442,11657,13667,11693,11724,11346,11370,12032
411,572,523,806,790,717,952,883,864,1042,990,1108,1027,1244,1171,1372,1660,1416,1619,1410,1585,1662,1504,1658,1679,1976,1926,1986,2040,2229,1820,2026,1977,2474,2332,2282,2557,2417,2267,2514,3123,2569,3135,2823,3152,3070,3079,3359,3507,3025,3687,3851,3110,3724,3709,3526,3445,4462,3749,4172,3960,4460,3422,3817,3784,4607,4167,4431,4072,4546,4341,4499,4701,4857,4827,4821,4932,4882,5130,4503,4726,5460,5340,5445,5337,5416,5246,5460,5248,5725,5423,5868,5890,5688,6190,6079,5981,6170,5739,5848,6979,6159,6706,6440,7100,6721,6893,7197,6957,7130,7115,6822,7231,7358,6170,7730,7283,7608,6859,7443,7680,7535,7037,7388,7838,7724,7827,7834,8150,8730,8431,8447,7605,8801,8064,8456,8303,8513,8541,8855,8388,8879,8696,9735,8899,8946,9719,8581,10150,8880,9798,9633,9319,9077,9721,9879,9620,9846,9399,9764,9783,9811,12358,10290,10423,10453,9746,10791,10122,10601,10902,10640,10420,10850,10888,10493,11090,10882,10843,9792,10924,11530,11450,11022,10841,15161,11898,10946,11659,11434,11471
682,550,737,780,924,856,649,837,977,910,1060,929,974,1236,985,1470,1189,1330,1619,1465,1588,1736,1762,2221,1795,2065,1739,2219,2093,2154,2157,1948,2538,2152,2298,2493,2332,2449,2645,2878,2635,2904,2899,2850,3441,3224,3134,3355,2993,3677,3095,3592,2969,3863,3181,3707,4312,3597,3318,4430,3914,3748,4134,3877,3781,3911,4706,4211,4508,4049,4656,4401,4462,4560,4738,4963,4309,5028,4938,4874,5520,5517,5540,5433,5060,5229,5597,5872,5770,5532,5799,6307,5306,5188,5957,6208,5867,6311,6482,5687,6289,6436,6432,6447,6552,6329,6553,6898,6602,6568,6817,7462,6805,6872,6324,7326,7302,7206,7478,7340,7433,7414,7912,8126,8060,7715,7927,8063,8150,8955,8453,7913,7927,7657,8759,8733,8664,7909,8687,8509,8555,8798,9058,8668,9307,8830,9060,8452,9146,9526,9400,9306,9263,9312,9067,8942,9808,9747,10333,9976,10310,10395,12038,9817,9760,10354,10254,9734,16410,10242,10020,10845,10846,10296,10610,11084,10884,10929,9783,9860,11655,11150,11441,10826,10600,15615,11852,11538,11282,11518,11633
539,474,656,854,689,955,1002,867,945,949,954,1317,1054,1095,1142,1481,972,1497,1523,1560,1605,1646,1720,1755,1905,1904,1748,1947,1983,2177,1765,1994,2344,2214,2260,2413,2348,2258,2604,3211,2685,2853,3606,3259,2627,3025,2802,3201,3060,3297,3633,3544,3282,3238,3407,3647,3792,3379,4033,3451,4206,3658,4074,4496,4130,4379,4039,4182,4380,4442,4577,4350,5162,4791,5005,4821,5474,5124,5148,5537,5062,4984,5453,5358,5279,5483,4836,5703,5485,5502,5707,5362,5749,6022,6079,5730,6089,5969,6256,5886,6460,6218,6486,5988,7155,6385,6611,6412,6736,6967,7038,6860,7326,7002,7239,6667,7006,7455,6630,7064,7563,7346,7848,7529,7262,7530,8239,7520,8456,9144,7821,8778,7968,8481,8178,8217,8234,8909,8975,8382,8806,8536,9268,9466,8900,8578,9190,8363,8916,9411,9141,9290,9710,8987,8890,9450,9274,9918,9446,9866,9827,10119,11161,10417,9800,10287,10305,10414,11870,10896,10232,10326,11220,10477,10712,11215,11238,11561,10893,11096,10876,11153,11736,11135,11183,13885,11365,11396,11746,11400,11999
563,591,677,693,763,758,721,758,914,997,874,1074,1075,1153,1187,1279,1419,1343,1316,1774,1647,1683,1785,1779,1556,1892,1845,2170,1902,1839,2007,2131,2283,2693,2442,2430,2615,2486,2642,2738,2965,3360,2944,3001,3269,2747,3403,3606,10076,3523,3726,3224,3292,3882,3121,3654,3424,3905,3763,4111,3640,4288,4320,3712,4247,4339,4099,4283,4647,4539,4288,5153,4556,5301,4099,4996,4749,5122,5246,5026,4923,5069,5422,5080,4926,5217,5277,5304,5808,5592,5496,6060,6661,5600,5768,5920,6035,5879,6584,5768,6491,6496,6572,6193,6624,7122,6867,6753,6911,6726,7275,7674,6877,7098,7755,6986,6921,6990,6554,7173,8262,7640,7341,7563,7664,8076,8033,8263,7783,9128,8094,8696,7832,8769,8343,8031,8377,8830,8575,8721,8983,8459,8193,8667,8976,8849,9027,8428,8840,9698,9282,8576,9583,10098,8978,9514,9591,10036,9637,9811,9616,10447,12398,10056,10297,9731,10441,10505,10649,10610,10743,10166,10406,10810,10751,12224,10590,10410,11527,11226,11318,11432,11288,11128,10656,12677,12167,11270,11787,10865,12663
610,748,746,550,581,727,614,969,962,1147,1000,1087,1215,1005,1249,1509,1456,1501,1562,1559,1634,1734,1719,1900,1512,1978,1827,1834,2191,2065,2231,1979,2445,2769,2441,2345,2321,2669,2678,2732,2990,3119,3338,2893,2829,3784,3205,3154,3104,3273,3227,3420,3300,4225,3202,3260,3067,3837,3064,3850,4168,3922,4399,4183,4200,4624,3567,4321,4691,4595,4589,4444,5082,4646,4844,4911,5173,5460,5083,4737,5433,5709,5091,5636,4923,5557,5579,5496,5765,5590,5793,5789,6017,5808,5505,6100,6225,6080,6321,5744,5884,6624,6267,6247,7268,6813,7066,6860,6681,7162,7358,6739,7130,7353,7385,7158,7132,6904,7369,7071,7176,7419,7402,7227,7783,7793,8014,7603,7761,9577,8656,8282,7461,8519,8054,8778,8258,8013,8654,9110,8153,9082,8994,9037,8981,9139,9983,9131,9452,9067,9156,9430,9469,9423,10352,10375,9488,9566,10641,10251,9519,10394,12959,10279,10539,10033,9435,10308,10253,9926,9942,10951,10207,10935,11162,12961,10799,11186,11221,11018,11219,10993,11406,11958,10969,12556,12419,11240,11255,11975,11000
595,634,740,591,678,723,900,890,911,945,968,1161,1159,1145,1160,1386,1115,1680,1605,1390,1674,1440,1757,1698,1630,2009,1747,1589,1945,2013,1959,2214,2565,2501,2636,2641,2534,2771,2947,2685,3189,2593,3295,2852,2464,3118,3117,3027,3252,3248,3566,3468,3177,3640,3056,4340,3952,3846,4223,3492,4080,4568,3915,4298,3808,4419,4203,4478,4040,4448,4706,4657,4432,4780,4894,4999,5436,4519,4745,5402,5434,4994,5556,5478,5070,5164,5817,5116,5026,5683,5604,5907,5533,6316,5601,5572,6026,6215,6168,5761,6343,6860,6438,7118,6163,6321,6703,7093,7147,7176,6639,7389,6955,7167,7108,7590,6882,7032,7553,7348,7624,7350,7654,7800,7160,7582,7551,8100,8019,9323,8645,8195,7809,7800,8508,8218,8472,8753,8419,8044,8707,8738,8888,8886,8886,8618,9214,8442,9505,10008,9083,9773,9059,9377,9317,9718,10355,9764,9382,9204,9847,9976,12741,10245,9684,10238,10835,10803,10830,10521,10486,10435,10911,10342,11100,13958,11447,11589,10554,10519,10981,12082,10960,10704,11467,11546,10999,11351,11147,10766,11709
700,467,568,667,820,740,822,954,950,894,902,1156,880,1365,1264,1424,1092,1432,1445,1468,1575,1820,1669,1988,1539,2168,1875,1883,2139,1998,2273,2138,2755,2027,2538,2248,2776,2308,2671,3135,2603,3296,3423,2861,3072,2879,3062,2650,3292,3257,3445,3486,3281,3842,2977,4109,3714,3577,3668,4172,3594,3554,4058,4457,4761,3769,4270,4314,4717,4558,4675,4223,4741,4747,4987,5022,5128,5192,5067,5570,5607,5111,5531,5430,5124,5308,5499,6173,5508,5866,5851,5604,5825,5794,5929,5416,6211,6232,6458,5614,6747,6239,6603,6111,6849,6331,6997,7165,6684,7187,6949,7350,6858,7499,7171,7943,7144,6821,6525,6869,7326,7715,8231,8204,8056,7761,7893,7481,8288,9493,7936,8245,7787,8128,8212,8268,9005,8235,8178,9113,8734,8259,8981,8611,9513,8680,8687,8613,9076,9365,9445,8892,9163,9524,9478,9282,9776,9953,9779,9643,9819,10059,10524,10698,10284,10274,10583,10326,10659,10380,9936,10072,10514,10298,10629,15370,10166,10703,10733,10043,10747,10134,11719,10800,11419,11550,11102,11028,11756,11894,11903
512,842,792,782,708,880,980,903,839,975,798,905,1227,1174,1300,1321,1561,1644,1622,1440,1572,1656,1645,1642,1707,1666,1912,1772,2122,2108,2040,1907,2920,2575,2209,2509,2433,3056,2661,3147,3139,3114,2973,3270,3257,3061,2977,3421,3158,3414,3051,3122,3111,3364,3402,16461,3547,3384,3290,4532,4008,3592,3895,4049,3951,4591,3934,4344,4382,4485,4369,5011,4746,5554,5014,5462,5247,5104,5189,5086,5035,5020,5060,4837,5257,5417,5716,5693,5666,5804,5559,5038,5861,5965,5944,5780,6222,5960,6880,5589,6576,6273,6600,6735,7248,6339,6542,7036,6718,6834,6863,7219,6521,9632,7431,7976,6925,6877,7247,6774,8004,7502,6878,7742,7653,7636,7440,8386,7803,8422,7679,8477,7826,8573,7896,8316,8357,8634,8024,9057,8340,8444,8196,8917,8368,9083,8534,8421,9042,9248,9085,8929,9648,9338,9141,9499,9425,9829,9470,9768,10178,10654,10299,10660,10230,9570,9667,10060,11175,9942,10825,10095,10394,10964,10918,14535,10709,10845,11535,9701,10335,11065,10885,10980,11646,11378,11058,11408,11839,10953,11800
335,554,650,584,604,540,1028,857,1040,893,840,1119,989,1283,1273,1319,1147,1561,1525,1591,1588,1896,1768,1820,1616,1652,1841,1947,2084,1946,2275,1842,2674,2743,2638,2579,2275,2601,2791,2623,2422,2680,3195,2762,2991,2809,3162,3383,3366,3138,2842,3585,3278,3701,3590,3539,2927,3448,3150,3505,4069,3693,4114,4139,4410,3915,4760,4448,4086,4121,4321,4666,4593,4420,5081,4919,5257,5019,5446,5251,5174,5935,5274,5621,4844,5203,5801,5966,5281,5825,5977,5740,5680,5892,5909,6062,6078,6497,6108,5724,6341,6936,6372,6418,6554,6308,6663,7297,7087,6508,7210,7101,7586,8939,7322,8479,7512,7276,7713,6875,7705,7928,7623,7630,8161,7355,7872,7775,7912,7758,7994,7918,7461,7661,8244,8339,8073,8344,8680,8403,8561,8742,8498,8735,9345,8929,9511,8548,9660,9419,9280,9718,9719,10008,10005,9779,9446,9689,9832,9603,10022,9939,9873,10104,9821,10300,10526,10394,10322,10400,10410,10153,10130,10375,10862,13291,10910,10686,10412,9189,10666,11232,11780,11237,11242,11695,11228,11431,11301,12126,11856
670,543,713,852,765,765,1050,959,937,839,870,1010,1052,1169,1234,1464,1579,1879,1519,1609,1544,1587,1779,1692,1736,2114,1942,2242,2175,2158,1985,2023,2527,2364,2340,2487,3018,2598,2124,3048,3171,3109,2849,2896,3097,3182,3031,3366,3320,3033,3341,3710,3338,3921,3468,4036,4129,3606,3966,4140,4041,3396,3580,3987,3800,4370,4279,4138,4420,4539,4559,4669,4761,4932,5408,4793,4754,4977,5304,5436,5079,5297,5610,4697,5041,5524,5394,5550,5312,5439,5879,5962,6051,5915,6175,5938,6387,6450,6332,5849,6377,6509,6982,6689,6616,6519,6988,6753,6871,6824,6780,6707,7120,9416,7203,9267,7576,6516,7608,7197,7251,7273,7573,7753,7740,8067,7719,8006,7483,7887,8513,8068,8084,8001,8834,8630,8549,8553,8372,8063,8743,8880,8753,9019,9887,9273,8648,8222,9757,10072,9145,9541,9003,9365,9739,9172,9824,9444,9439,9648,9609,9774,10038,9943,10136,10310,9759,10347,10108,10279,10238,10089,10393,10374,10150,13721,11127,11028,10600,10976,10098,11120,11283,11030,11562,11627,10685,12149,11383,11306,11462
662,590,521,640,763,977,916,898,1002,1088,1130,1221,1244,1201,1363,1486,1204,1460,1796,1572,1671,1504,2097,1743,1776,1802,1870,2015,1904,1724,2448,1825,3018,2250,2496,2294,2509,2511,2786,2657,2498,2818,2965,3027,2870,2723,2860,3346,3142,3262,3631,3290,3224,3276,2916,3491,4307,3327,3367,3200,4323,3753,4149,4002,4223,4130,4934,4513,4327,4273,4614,4625,12849,4353,4345,4848,5020,5151,5107,4986,5180,5582,5139,5704,5233,5394,5255,5486,5592,5836,5841,5450,6383,5969,5942,5667,5881,6371,6337,6154,6393,6207,6404,6515,6713,6857,6425,6528,6991,6813,6883,6801,6993,9223,7178,9442,6862,6948,7394,6671,7918,7405,7881,7392,7353,8421,8533,7491,7691,7965,7695,8063,7620,8234,8039,8412,8607,8521,8760,8566,9184,8416,8880,8848,8941,8731,9201,8803,8981,8836,8460,8878,9655,9734,9090,9310,9885,10102,9282,9577,10091,9848,10094,10349,10242,10056,10019,10219,11112,10063,10312,10580,10897,10511,10435,13961,17509,11241,10044,10764,9710,11132,10959,10301,12911,11480,11566,11521,12049,10931,12195
476,632,678,759,592,692,735,874,818,990,924,1212,1171,1136,1281,1056,1047,1445,1361,1662,1639,1549,1705,1753,1580,1822,1841,2280,1923,2078,2273,2050,2952,2713,2252,2254,2374,2322,2911,2497,2552,3007,2935,2949,3740,3178,3003,3245,3434,2970,3262,3169,3319,3505,3431,3122,4101,4296,3947,3567,3852,4362,3731,4055,3922,4212,4375,4138,4515,4571,4490,4794,4571,4679,4527,4907,5076,4803,4943,5090,5079,5280,5053,5443,5008,5003,5362,5743,5599,5776,5025,6380,5831,4898,6217,5954,5694,6179,6445,5789,6801,6568,6158,6720,6775,6652,7079,6586,6844,6988,7061,6726,6801,9960,13882,9265,7149,6633,6626,6784,7780,7806,7174,7726,7704,7800,7532,7809,7615,7874,8264,7836,7917,8350,7687,8349,8083,8395,8682,8052,8979,8586,8777,9151,9176,8929,8956,8371,8881,9023,9011,8970,9792,9595,9116,9459,9452,9915,10061,9372,9217,9616,9342,9987,10313,10280,10009,10505,9819,10673,10445,10418,10378,11520,11130,14454,10530,10257,11084,11018,10053,11051,10550,11930,13276,11902,11505,11331,11263,11190,11714
435,706,691,883,853,700,980,997,1202,1024,1020,1102,1304,1268,1340,1227,1148,1464,1508,1482,1682,1535,1770,2182,1634,2052,1879,2169,2028,2136,2250,2247,2620,2534,2454,2396,2774,2710,2653,2776,3518,2562,2683,2592,2967,2701,2992,3272,3142,2832,3306,3435,3074,3641,2990,3122,4486,3521,3690,4116,3822,4145,4323,3998,4111,4229,4097,4495,4118,4277,5093,4520,4355,4954,4520,5782,4979,4818,5251,5414,5378,5449,5482,5781,5625,5472,5612,5753,5508,5554,5734,6028,5952,5477,6190,5924,6141,5937,6088,5661,6485,6701,6121,5897,6627,6547,7045,6756,6788,6393,6702,6968,6920,9214,6921,9954,6573,6522,7342,6910,7457,7559,7342,7741,7921,7764,7914,8091,7794,7560,8288,7995,7475,8140,8342,8703,7836,8814,8617,8672,8616,9080,8410,8587,9049,8503,9316,8370,9701,9713,9478,9344,9378,9979,10127,8969,10169,9637,10802,9884,10420,10075,9707,10315,9983,10269,10025,9796,9927,10327,10857,10840,10223,11624,11259,14588,10599,10928,10467,10682,11105,11419,11538,11048,14208,11955,10744,11126,12023,11662,11533
582,651,765,553,861,902,916,901,799,882,1090,1217,1327,1428,1397,1423,1204,1613,1565,1281,2194,1445,1617,1320,1632,2105,1860,1914,1919,2062,2016,2370,2817,2666,2514,2330,2194,2389,2568,2605,2932,3406,2635,3049,3377,2516,3159,3068,3108,3507,3514,3406,3165,3699,2936,3542,3761,3928,3889,3799,4040,3572,3792,4122,4497,4215,4500,4501,4679,4469,4454,4477,4607,4909,5098,4931,5039,4822,4820,5339,4979,5737,5224,4630,4987,5518,5676,5749,5213,5340,5875,5873,5373,6001,5641,6257,6830,6202,6318,6136,6158,6810,6468,6091,6811,6115,6906,7260,6963,6456,6944,7116,6562,9492,6850,9232,6751,7706,7194,6772,7772,7487,7771,7994,7826,7666,7843,7527,7538,7944,8370,8244,7530,8061,8733,8851,8622,9314,8959,7862,8340,9271,9055,8543,8798,8673,9777,7953,9255,9151,8089,9397,9252,9270,9940,9276,10311,8896,11295,9512,10019,10072,10561,10387,9953,9823,9674,10258,11368,10463,10569,9946,10079,11014,11266,13173,10774,11171,10309,11089,10740,11485,11327,11578,13151,11604,11561,11140,11256,11007,11801
488,710,659,653,700,889,936,1046,783,934,1156,1082,1170,1279,1238,1410,1196,1498,1496,1632,1673,1623,1638,1985,1824,1845,2313,1805,2030,2123,2640,2019,3262,2169,2522,2507,2416,2484,3068,2862,3138,2646,2859,3227,2950,3139,3064,3198,3131,2928,2994,3301,3098,3282,3188,3713,3675,3648,4234,3365,3767,3448,4087,3927,4184,4459,4202,4450,4284,4567,4757,4584,4854,4736,4965,4312,5076,4808,4734,5252,5203,5326,5533,5374,4950,5772,5151,6061,5939,5902,5810,6233,5710,6179,5955,5779,5950,6263,6321,6561,6269,6088,6887,6632,6633,6337,6676,6599,6844,6866,6952,7019,7392,9063,6783,8779,6451,7277,6722,6882,7471,7129,7666,7595,7838,7375,8400,7835,8014,8377,7986,8104,7698,8667,8038,8200,8507,10527,8080,8421,8915,8335,8764,8717,8882,8965,8874,8111,9250,10040,9118,9198,8920,9619,9361,8820,9134,10100,12696,9965,9386,10041,9979,9968,10389,9514,10301,10691,10583,9978,9991,10050,10537,10460,10966,14521,10203,10947,10651,9230,9739,10748,10960,11169,12784,10898,10929,11259,11748,11273,11522
522,683,733,725,885,775,978,892,803,1028,1124,1125,1148,1223,1177,1204,974,1651,1310,1603,1612,1985,1908,1738,1771,1925,1939,2165,2563,2427,2775,2218,2899,2621,2388,2780,2754,2907,2712,3171,2484,3288,2909,3205,2489,3676,3218,3320,3342,2890,3326,3464,3157,3570,2942,3322,3786,3125,3267,4669,3573,3493,3873,3581,4383,4035,4250,4314,4743,4713,4239,4416,4635,5010,4699,4847,4826,5052,5257,5119,5174,5276,5371,4984,5352,4885,5074,5607,5568,5799,5295,5875,5975,5773,6222,5497,5520,5823,6329,5585,6413,6440,6057,6722,6724,6546,6411,7238,7187,6933,6903,7022,6441,7595,7005,8570,6411,7103,6703,7294,8141,8004,7235,7532,7396,7507,7544,8077,8010,7671,8103,8188,7859,8595,8161,8532,8386,9700,7880,8688,8621,9391,8367,8729,9740,9074,9070,8462,9081,8739,9722,9062,9655,9514,9533,9464,9609,9402,12333,10227,9920,9734,10093,9894,10155,9818,10339,10366,10299,10748,10608,9409,10310,10781,10838,15005,10402,10721,9980,9201,10555,10930,10602,11805,12071,11081,11245,11455,11323,10921,12249
450,515,693,702,707,715,1033,818,918,841,1064,985,1098,1279,1400,1700,1473,1637,1778,1564,1646,1714,1875,2098,1768,1942,1854,2192,2116,2015,1954,1974,2855,2477,2361,2720,2385,2384,2412,2473,2941,2488,2737,2920,2870,2711,3065,3361,3196,3206,3522,3289,3055,3469,3598,3798,3897,3483,3206,3427,4223,3597,4081,4254,4169,4292,4305,4273,4637,4723,4741,4993,4556,4792,4370,5177,4957,5593,5126,4556,5380,4855,5491,5171,5022,5523,5774,5537,5405,5920,5525,6079,5880,5312,5796,5863,6382,5675,6147,6013,6663,6319,6549,6504,6919,7154,6844,7181,7136,7343,7002,7641,7323,8240,6859,7528,7180,7268,7406,6844,7460,7714,7499,7685,8279,7944,7868,7834,7897,7596,8229,7843,7398,8093,8545,8285,8828,10370,8743,8548,8319,8982,8946,9015,8906,9491,9697,8506,9229,9204,9457,9244,9313,9485,9845,9267,9932,10420,13025,11139,9723,10020,10330,9707,9652,10032,10246,10069,10080,10079,10637,10381,10530,10724,10745,13881,11199,10480,10254,10618,9518,11506,10896,11143,11210,10549,11702,11461,11470,12045,11166
743,658,520,731,641,748,918,809,863,771,1136,1108,1109,1294,1329,1356,1117,1436,1648,1854,2179,1726,1589,1836,1570,2330,2144,1924,2007,2228,2021,1996,3267,2434,2501,2515,2577,2476,2811,2237,2513,2999,3521,2831,2591,2976,3631,3193,3136,3300,3398,3639,2799,3594,3618,3533,3560,3219,4084,3838,4292,4412,3659,4532,4059,4245,4480,4722,3835,4513,4921,4644,4781,4641,5416,4443,5028,4698,5046,4837,5066,5635,5494,5853,5136,5537,6048,5779,5533,5762,6066,5876,5856,6176,6220,6198,6119,6634,6275,5478,6689,6616,6401,6442,6340,6445,6719,6742,6943,6171,6581,7081,7285,7380,6800,7200,6762,7562,7380,7048,7673,7355,7529,7424,7861,7682,7478,7829,7537,7633,8160,7930,7809,8429,8538,8435,8317,9783,8987,8380,8380,8638,8392,8237,9341,8439,8603,8335,8923,9507,8852,9651,9905,9225,9493,9555,9851,9399,12505,10916,9813,9741,10484,9349,10326,10165,9571,10906,10369,9875,10317,10428,10868,10616,10210,13067,10377,10811,10696,10708,10152,10971,11073,10446,11278,11560,11355,11313,11058,11372,11097
509,603,694,751,791,835,982,738,1137,833,818,1125,1136,1225,1266,1437,1120,1588,1694,1842,1571,1470,1567,1811,1755,1738,2251,2131,1766,1904,2223,2199,3037,2051,2232,2699,2944,2602,2753,2588,2402,3265,3061,2837,2569,3039,2997,3555,2914,2928,2927,3591,3710,3221,3653,3514,3290,3298,4276,3163,3909,3588,4062,4119,4391,4072,4568,4223,4452,4469,4217,4928,4731,4662,4881,4705,5089,4907,5176,5507,5063,5436,5180,5338,4965,5614,5701,5528,5605,6079,5886,5610,5990,6017,5599,5554,6293,6037,6275,5641,6262,6322,6473,6702,6479,6305,6694,6618,6788,7115,6995,7395,6879,7486,7046,7174,6079,6920,6903,6830,7749,7093,7955,8192,7692,7176,7555,7985,8464,8063,8592,8346,7652,8162,8278,8162,8649,9745,7859,8726,9405,8673,9170,8820,9001,8891,8645,8383,9067,9619,9105,9366,9408,9402,9255,9809,9531,9637,12411,12503,9693,10333,10420,10056,9528,9616,9827,10559,10752,10776,10474,9796,10878,10378,10627,14442,10822,11146,10508,9480,10335,10298,10622,10877,11305,11543,11053,11550,11542,10563,11565
553,517,588,579,745,748,833,883,747,1024,764,977,1104,1159,1058,1425,1410,1760,1596,1865,1650,1876,1840,1677,2027,1963,1630,1837,2351,2251,1604,2409,3641,2558,2250,2703,2673,2795,2420,2959,2543,2797,3204,3066,3170,2750,2977,3051,3367,3363,3099,3189,3188,3499,3016,3364,3579,3390,3526,3651,3824,3578,4287,4385,4612,4505,4110,4155,4350,4682,4619,4951,4911,4358,4684,4930,4847,5502,4835,5219,5319,5403,4937,5749,5209,5663,5679,5970,5521,5777,5599,5718,5775,5759,6300,6054,6033,5817,6319,5678,6159,6781,6096,6608,7099,6585,6424,6702,6885,6971,7461,6743,7007,8001,6862,7323,6848,6259,6573,7291,7393,7539,7405,7354,7434,7611,7606,8225,7853,8095,7857,7941,8259,7764,8622,7964,8234,8635,8411,8588,8985,8542,8524,9039,8838,9018,9234,8641,8770,9293,8921,8624,9649,9791,9644,9974,9885,9658,12405,12519,9151,9870,10323,10024,10037,9920,10411,9948,9956,9740,10882,9821,10274,10772,10597,14018,10428,10301,10495,8723,10093,10624,11767,11095,11646,11256,11585,11297,11322,11195,11519
365,510,639,681,682,753,812,763,733,980,1116,1119,1247,1247,1362,1261,1100,1707,1807,1619,1931,1891,1738,1792,1792,1870,1872,1920,1965,1975,1645,2032,2655,2346,2904,2991,2383,2357,2399,3290,2618,3033,2961,3123,2896,2954,3370,2718,3067,3670,3065,3201,3115,3687,3519,3401,3877,3425,3270,3900,3882,4084,4002,3819,4388,4334,4659,3868,4269,4412,4891,4463,4662,4746,4789,5144,4953,4960,5133,5026,5195,5379,5356,5221,4902,5302,5680,5474,5799,5920,5768,5858,5396,5647,5983,6160,5725,6185,6180,5939,6953,6606,6202,6359,6469,6499,6630,7280,6579,6590,6954,7062,6731,7554,7256,7648,6976,6596,6790,7583,7099,7789,7057,7587,8261,7587,7820,7431,7999,7695,7899,8077,7738,7815,7856,8329,8232,8480,8907,9060,8485,8506,8683,8826,9114,9227,9438,8730,9323,9217,9325,9384,9871,9728,9550,10055,9742,9644,12326,12681,9895,9935,9558,10236,9844,9921,10238,10493,10638,9903,10035,10418,10677,10733,10236,12519,10879,10425,11098,10489,10844,11455,10895,10971,10869,11786,11872,11480,11688,11249,10881
503,564,614,644,694,748,908,774,898,1024,1006,1074,1158,1245,1256,1280,1087,1535,1311,1651,2062,1620,1729,1666,1826,1925,1912,1981,2146,2161,1732,2012,2669,2236,2295,2118,2917,2651,2455,2490,3436,2997,2522,2886,3269,2997,2859,3159,3096,2727,2909,3978,3662,3999,3022,3236,4434,2986,4312,3519,4206,3796,3578,4179,3876,4453,4205,4100,3961,4296,4580,4927,4482,4811,5162,5074,5129,4823,5193,5143,5145,5329,5513,5374,5055,5434,5372,5674,5659,5739,6129,5935,5569,5709,6027,5579,6379,6292,6391,6280,6579,6478,6743,6276,6571,6761,6960,7170,6731,6819,6906,7158,7066,7783,6883,7387,6542,7119,6728,7080,7448,7136,7593,7909,7521,7680,7865,7681,7713,7679,8038,7854,7932,7959,8542,8173,8511,8117,8382,8827,8725,8601,8455,8598,9588,8734,9167,8787,8711,9464,8891,8833,9422,9378,9571,9815,9392,9771,10521,12767,10573,9911,10500,9758,9675,10713,9979,9997,10983,9799,10134,10087,10271,10348,10709,13100,10492,10315,10333,10626,9374,10940,11782,11500,10852,11543,11356,11454,11588,11636,11746
417,689,788,615,749,785,908,1069,839,932,1194,1145,1127,1344,1756,1427,1120,1646,1593,1940,1842,1701,1760,1807,1865,2028,1922,2211,1821,2563,2121,2145,2442,2353,2346,2362,2585,3033,2591,2538,3003,2933,3163,2971,3017,2642,3433,2829,3144,3799,3798,3271,3128,3061,3298,3635,3392,3555,3900,3110,3812,4208,4279,4296,3919,4315,4127,4200,4173,4769,4340,5219,4631,5021,5026,4608,4764,4700,4731,5158,5335,5439,5352,5625,5187,5345,5463,5920,6061,5881,5511,5716,5950,6082,5464,6085,6642,6671,6236,6010,6541,6266,6475,6732,6330,6159,6375,6732,6651,7297,6916,6723,6661,8222,7107,7404,6945,6655,6984,7187,7161,7666,7713,7417,7454,7571,8172,7791,8248,8079,7633,7516,7922,8351,7730,7377,8411,8533,8450,8624,8791,8390,8587,8972,8955,8604,8741,8626,8681,9412,9008,8947,9367,9023,9251,9547,9203,9711,9537,12101,10250,10118,10433,10077,10276,9560,9814,10549,10764,10537,9524,10163,10238,10495,10948,12921,10227,10640,11292,10652,8850,11146,11144,10858,11708,11686,10930,11598,11753,10400,11712
484,634,638,741,694,881,936,779,922,965,920,1016,1214,1289,1159,1287,1146,1406,1701,1513,1627,2190,1998,1940,1963,2129,1920,2052,2194,1973,2139,2151,3082,2553,2620,2756,3052,2456,2799,2729,2789,2781,3271,3107,2628,3049,2998,3344,3438,2837,3447,3478,3127,3399,3339,3165,3668,3377,4055,3773,4067,3764,4242,3847,4377,4248,3959,4319,4765,4392,4429,4162,4916,5040,4834,4877,5424,5315,5240,5102,4619,5163,4943,5036,5293,5410,5340,5740,5803,5836,5675,5416,6138,6216,5140,6033,5902,5804,6053,5767,6297,6180,6437,6734,6497,6527,6262,6814,6707,6847,7145,7255,7037,7262,7059,7095,7111,6411,6539,7125,7713,8054,7583,7398,7618,7787,7508,8394,8058,8427,7809,8365,7708,8262,8484,7978,8491,8713,8433,8706,8441,8401,8504,9057,8912,8124,8633,7970,8659,9474,9228,9414,9725,9630,9574,9780,9396,9642,10208,12635,9525,10560,9936,10234,10066,9824,9676,10357,10321,9941,10790,9851,10918,10103,10436,12254,10948,10310,11249,8912,10435,10859,11595,11242,11433,11062,12338,11922,11720,11183,11537
384,515,542,750,823,796,862,829,756,812,1064,1167,1055,1110,1358,1309,1126,1495,1852,1679,1699,1696,1670,2053,1719,2114,1923,2125,1915,2286,2031,2340,3032,2839,2421,2348,2316,2780,2685,2863,2560,2603,2350,3074,2784,2699,3004,3151,3387,2775,3505,3770,3083,3187,3101,3350,3541,3754,3555,3265,3902,4442,4158,3604,4166,4233,4029,4483,4161,4527,4643,4387,4341,4798,4532,5338,4887,4950,5134,4789,4548,5561,5451,5123,4583,5921,5424,5377,5449,5815,6218,6457,5323,5450,6161,6378,5749,6325,6185,5518,7065,6656,33643,6540,7322,6136,7135,7281,7174,6538,6733,6961,7137,6846,7217,7363,6783,6669,6698,7379,7519,7510,7940,7738,7631,8142,7478,7854,8372,7853,8152,7994,7918,7824,8368,8462,8715,8765,8529,8464,8380,9159,8850,8721,9289,8968,9475,8404,9273,8918,9163,9205,9540,9780,9303,10086,10110,9313,9817,10938,9700,9849,9968,10084,9740,9552,10324,9905,9925,10025,10468,10190,10112,10339,11151,12812,10726,10140,10908,9873,10337,10689,10566,11738,10931,11198,11510,11061,11460,11361,11321
770,619,765,574,527,680,882,1022,1181,1001,1054,960,1122,1233,1324,1922,1745,1617,1603,2007,1953,1559,1428,1850,1730,1490,2205,2354,2345,2387,2494,1934,3264,2127,2445,2306,2458,2594,2316,3553,2619,3310,2878,2930,2696,3303,2950,3355,3519,3049,2782,3256,3480,3549,3159,3404,3049,3595,3229,3626,4387,3506,4194,4618,4222,4039,4219,4091,4511,4417,4850,4608,5003,4609,5225,4898,4960,4932,4886,4343,5488,5546,5116,4859,5145,5247,5727,5588,5575,6270,5924,6156,5791,5896,6011,5911,6368,6869,6582,5910,6100,5856,6050,6293,6340,6281,6367,6779,7014,6415,6782,6710,7205,7025,6743,7505,6388,6560,6642,7451,7556,7642,7717,8019,7657,8054,7497,7713,8010,7589,8211,7590,7868,8181,8457,8582,8103,8327,8808,8400,8892,8458,9057,8750,9371,8567,9007,8313,8578,8773,9109,8622,9391,9321,9442,9333,9575,9813,9343,9567,9253,9479,10168,9566,9745,10107,10615,10153,9984,10124,9663,10385,10485,10414,10354,13259,11029,10552,10462,9184,9527,11364,11623,10744,11279,11139,11155,10951,11454,11636,11148
653,446,536,701,808,693,945,744,960,876,1112,1091,1139,1211,1200,1494,1074,1507,1686,2024,1790,1704,1561,1678,1845,1948,1880,2216,1973,1746,2615,2224,2961,2123,2716,2583,2599,2545,2617,3128,2271,2822,2462,2951,3505,2768,3028,3350,3324,3299,3055,3374,3321,3435,2912,2891,3243,3279,3449,3302,3314,3613,4245,4303,4357,3880,4248,4633,4342,4279,4690,4301,4877,5009,4266,4600,5024,5070,5122,4945,4794,5310,5671,5066,4797,5410,5508,5728,5873,5604,5491,5805,6100,5872,5869,5826,5783,6398,6204,5783,6432,6059,6420,5931,6763,6565,6609,7278,7022,7401,7100,6592,7372,7425,7191,7330,5776,6518,6142,7438,7811,7775,7548,7893,7700,7758,7625,7565,8104,7436,7408,7640,7729,7867,8263,8089,8420,8187,8385,8961,8711,8720,8622,8411,8652,9132,9479,8912,8753,9371,9235,8738,9271,9327,9267,9090,10032,10253,9661,9741,9564,9969,10208,9371,10124,9884,10009,10980,10517,10241,10142,9816,10574,10256,10592,15835,10620,9984,10332,10270,9401,10594,10570,11358,12168,11133,11068,11831,11886,11132,11588
478,537,819,574,753,908,739,1079,776,950,732,1209,1136,1263,1316,1343,1051,1341,1511,1650,1547,1821,1581,1893,2360,2038,2308,1751,2192,2243,1939,1973,2915,2116,2535,2382,2605,2348,2652,2411,2920,2871,2865,3103,2842,3223,3178,2985,3171,3357,3639,3620,3854,3160,3360,3392,3206,3727,3593,3794,4474,4030,4185,3957,3918,4237,4328,4319,4565,4898,4472,4559,4400,4428,4832,5015,4620,5208,4925,5313,4950,5200,5639,4979,5337,5929,5422,5819,5962,5902,5519,5617,5598,5981,5929,5933,5829,6102,5939,6253,6152,6225,6291,6645,6867,6515,6968,6737,6426,7007,6959,7009,6708,7327,7072,6786,6800,5917,6521,6979,7487,7181,7442,7474,7958,6637,7335,7806,7774,7845,8189,8723,8259,9083,8397,7674,8632,8434,8015,8592,8375,8288,8479,9294,9059,8798,9105,8342,8593,9621,8819,9431,9540,9517,9612,10003,9029,9919,9580,10152,9462,9529,10109,10001,10174,9744,9827,10281,10448,10157,10530,9578,10667,10440,10652,12838,10520,10005,10992,11232,8819,10582,10283,10982,11381,10543,11566,10958,11080,11616,11233
542,489,540,683,630,729,972,779,799,971,912,1179,1346,1492,1244,1303,1518,1239,2002,1634,1807,1714,1685,2290,1702,1977,2305,2181,2574,2518,2196,2239,2728,2180,2512,2328,2587,2628,2936,3197,2570,2713,3183,2938,2415,3374,3488,3173,3732,2578,3371,3310,3294,3525,3124,3167,3488,3561,3453,4021,4302,3750,4279,4000,4375,4254,4080,4775,4175,4249,4788,4348,4799,4959,5179,4843,4925,5552,4909,5202,5309,5370,5131,5385,4795,5680,5348,5455,5093,5799,5407,5689,5734,5594,5850,5964,6289,6060,6380,6082,6572,6399,5958,6336,6687,6321,7036,7193,6626,6417,7532,7185,6856,7068,7457,7362,6121,6377,6788,7415,7705,6942,7879,7281,8119,7504,7546,7578,7611,7588,8232,8141,7696,8343,8526,8673,8096,8158,8576,8161,8335,8786,8958,8822,9176,9022,8692,8572,8842,9274,8630,9405,9861,9636,9585,9982,9831,9808,9443,9630,10760,10257,9968,9439,9574,10159,9644,10071,9908,10228,10059,10678,9810,10406,10169,12024,10496,10711,10451,9826,9335,11138,10967,11671,11436,11005,10650,11590,11310,11846,11327
502,656,796,763,961,838,1013,908,761,918,1016,1058,1073,1206,1264,1360,1416,1828,1550,1631,1748,1740,1645,1764,1709,1995,2211,2264,1952,2241,2111,2446,2512,2634,2437,2712,2818,2482,2546,2326,2636,2745,2424,2954,3033,3362,2982,2980,3016,3292,3336,3419,2946,3831,3079,3099,2911,3458,3647,4513,4159,3407,4104,3982,4336,4070,4429,4364,3825,4395,4575,4367,4598,4193,4820,4820,5088,4793,5048,4889,5170,5654,5220,4928,4785,5088,5601,5682,5540,5558,5453,33816,5762,5903,5934,6264,5880,6003,5871,6020,6259,6501,6107,6618,6434,5999,6860,7065,6309,6827,7349,7017,6975,7274,6867,7379,6442,6482,6052,6790,7257,7072,7812,7575,7758,7474,7457,7457,7889,7627,8178,7781,7838,8005,8529,8394,8149,8072,8254,9037,8978,8931,8819,8433,8870,8761,9214,8401,8627,9135,8766,9066,9564,9523,10193,9609,9817,9301,9219,9663,9848,9581,10244,9874,9678,10475,10672,9907,11151,10325,9944,9793,10971,10239,9959,12519,10501,10746,10282,8697,9018,10905,10495,10759,11275,11156,11000,11077,11222,11555,11268
645,453,721,531,728,781,828,892,1057,962,1046,1235,1156,1338,1205,1627,1105,1652,1271,1835,1570,1548,1621,1697,1683,2106,1953,2175,1964,1998,2348,2220,2357,1929,2456,2553,2388,2770,2489,2546,2700,3205,2728,2836,2607,3015,3132,3204,3644,2855,3071,3075,3214,3441,3454,3282,3645,3316,3512,3291,4120,3760,3934,4213,4174,4143,4333,4160,4433,4500,4581,4826,4900,4901,4704,5070,4818,5015,4824,5344,4449,5531,5580,5053,4776,5342,5720,5973,5778,5805,5870,5390,5695,5977,6261,5750,6033,6103,6203,6024,6365,6427,6417,6717,6326,6105,6492,6583,6718,7127,6540,7319,6963,6980,7455,6992,6792,7242,6035,6640,7512,7805,7400,7914,7278,7617,7572,7638,7767,7666,7559,7959,7662,8341,7906,7850,8537,8376,8239,8419,8653,9117,8756,8424,8655,8511,8512,8830,9165,9282,9151,8478,9316,9285,8604,9299,9232,9902,9093,9813,9199,9758,9774,9800,9635,9820,9623,10138,10118,11063,9948,9452,10832,10622,10392,12808,10673,10610,10595,9579,9052,10786,10727,10701,12026,11414,11752,11874,11436,10676,10812
422,710,645,868,839,697,924,863,913,903,1280,1188,1149,1185,1228,1301,953,1360,1603,1525,1737,1519,1554,1631,1928,2026,2424,2265,2247,1973,2040,1856,2890,1976,1992,2184,2472,2469,2802,2502,3022,2775,2337,2794,3467,2736,3056,3287,3307,3116,3590,3241,3347,3579,3116,3334,3037,3387,4130,4662,4211,3452,3911,4151,4309,4267,4259,4350,4380,4740,4429,4640,4585,4979,4886,4981,4578,5521,5144,5106,5542,5225,5261,5334,5477,5600,5340,5802,5208,5843,5654,5549,5905,5955,5895,6251,6210,6153,6992,5549,6738,6562,5943,6583,7106,6750,6751,6839,6546,7138,6691,7118,6781,6473,7252,6817,6372,6849,5976,6978,7909,7957,7283,7568,7056,7883,7337,7772,7751,8156,7534,8388,7622,8623,7865,8153,8459,8397,8307,8403,8659,8411,8521,9149,8862,8806,9205,8985,7780,8950,9021,9273,9224,9144,8673,9239,9722,9681,9284,10246,9510,9812,9845,10375,9953,9269,9730,10392,9861,9951,11171,10021,9970,10507,10213,13806,10105,9510,10485,8781,9540,10740,10853,11193,11239,10833,11878,11217,11648,10456,11824
579,678,733,728,804,697,964,791,1019,1004,1014,807,1137,1259,1195,1377,1079,1332,1748,1444,1969,1671,1843,1936,1699,1871,2008,1839,2325,2281,2252,2181,2430,2240,2552,2740,2895,2428,2307,2787,2451,2498,3332,3185,2681,2945,3281,3391,3294,3392,3671,3705,2882,3314,3582,3020,3029,3412,3531,3284,4266,3729,3848,4282,4402,4171,4064,4228,4484,4622,4539,4338,4485,4941,4768,4515,4807,5123,5423,5001,4993,5476,4979,5038,4856,5372,5590,5609,5389,5687,5749,5547,5777,6000,5554,5931,6663,6074,6279,5863,6413,6420,6115,6480,7039,6869,6751,6564,7038,6439,6381,7502,6915,7030,6924,7769,6373,7166,6296,6979,7427,7684,7179,7520,7724,7771,7698,7758,7975,7911,8311,8077,7691,8019,8458,8040,8176,8326,8600,8829,8714,8250,7930,9381,9533,9517,9343,8413,8979,9000,9480,8668,9256,9651,9346,10113,10092,9653,9143,9969,10282,10463,10240,9632,10414,9795,10028,10469,9994,10107,10817,9941,10285,10081,11022,12866,10714,11078,11312,9293,8965,11577,10938,10973,11259,11149,11368,11326,11956,11016,11088
483,761,558,596,734,786,954,794,946,1124,978,1142,1415,1198,1259,1480,1007,1865,1559,1517,1526,1855,1668,1738,1754,1742,1834,2166,1761,2053,1873,2117,3361,2679,2340,2495,2457,2522,2671,2998,2590,2826,2861,3091,2896,2579,2863,3084,3338,3498,3266,3326,2900,3364,3012,3261,3645,3400,3395,3213,3998,4316,4081,3812,4256,4108,4345,4590,4117,4261,4620,4407,4765,4600,5050,4764,5299,4789,5010,5181,4900,5283,5268,5060,5207,5110,5405,5916,5239,5327,5851,5740,5659,5565,6120,6316,6112,6103,6102,5904,6375,6320,6889,6299,6443,6594,6927,6742,6909,7213,6782,7276,7039,7071,6695,7573,5820,6232,6779,7610,7434,7597,7706,8090,7870,7589,7961,7436,7641,7702,8140,7161,7945,8199,8485,8628,8654,8141,8144,8420,8676,8538,8745,8528,8939,8491,8871,8738,8401,9297,8667,9973,9032,9369,10059,9291,9209,9062,9403,9267,9383,9362,10660,9400,9727,9954,10062,9637,10051,9841,9871,10112,10190,10616,10542,12288,10578,11470,9839,10248,8807,10622,11190,11054,10717,11433,10981,10829,10560,11573,11650
855,625,913,683,806,1053,788,960,846,1201,1166,1062,1122,1205,1187,1278,1468,1500,1523,2060,1741,1850,1609,1867,1878,2107,2187,1830,1939,1847,1940,1936,3496,2186,2227,2655,2741,2593,2781,2642,2391,2827,2734,3148,2734,2854,3142,3282,3364,3511,3140,3612,3759,3720,3415,3280,3170,3405,3801,4047,3920,3974,4444,4284,4367,4450,4515,4858,4578,4530,4336,4342,4419,5166,4902,4862,4880,5060,5403,4888,5163,5440,5640,5210,5542,5376,5524,5879,5875,5907,5331,4918,5891,5704,5579,5823,6217,6301,6129,5748,6332,6321,6543,6453,6470,6576,6313,6967,6996,6927,7233,7042,6561,8014,7512,6974,5829,6505,6179,7517,7143,7815,7541,7585,7315,7382,7658,7688,7805,7438,7889,8124,7568,7596,8060,7973,8523,8992,8305,8639,8638,8361,9108,8465,8742,8670,8700,8369,8281,9278,8573,9023,9442,9491,9005,9566,8772,9578,9151,9538,9782,10019,10466,9838,9879,9689,10164,10343,10673,10359,10123,10374,10310,10592,10488,13309,10152,11116,9814,11235,9070,10917,10209,10237,10645,11644,11198,11690,11502,11405,11157
518,760,670,790,598,759,1001,964,924,896,988,1100,1311,1293,1166,1648,997,1380,1601,1557,1535,1606,1795,1809,2048,2244,2384,2159,2096,2318,2433,1784,2681,3302,2450,2562,3072,2700,2536,3191,2342,2906,2649,2677,2650,2588,2420,3696,3462,3438,3132,3397,2982,3122,3274,3264,3537,3315,3111,3639,3607,4540,4018,4341,4384,4399,4279,4199,4943,4510,4824,4648,4703,4984,4502,5188,5062,4923,5057,5486,5038,5480,5382,5787,4937,5285,5515,5421,5515,5982,5612,5548,5658,5675,5893,6020,6167,6209,6715,6006,6220,6088,6331,6362,6652,5940,6157,6459,6819,6926,6789,7208,6479,6982,7804,7102,5798,6585,6033,6918,7351,7817,7494,7301,7837,7672,8107,7665,8177,8242,7916,8069,7714,8552,8217,8094,7797,8816,8501,8166,9068,8100,8612,9152,8667,8656,8602,8407,7506,8630,9029,8806,9435,9644,8540,9710,9819,9477,10075,9749,9377,9593,9767,10154,9876,10199,10441,10812,10079,10354,10356,10155,10730,10281,10837,21283,10543,10128,9817,9070,9196,10776,11562,10783,11049,11067,11964,11898,10885,11082,11294
596,592,864,752,824,822,960,804,1011,901,1027,1145,1119,1229,1290,1333,1405,1461,1762,1593,1678,1509,1805,1988,1731,1702,2576,2128,2152,1935,2278,2505,2732,1874,2731,2301,2549,2393,2893,2678,3183,2834,2570,3322,2564,2881,3096,3259,3179,3902,3283,3714,3107,3958,3564,3032,3201,4232,3125,3365,4172,3714,4105,4008,4309,3906,4133,4532,4364,4736,4956,4660,4921,4785,5205,5041,5167,4682,4821,4798,4913,5221,5050,5038,5172,5163,5734,5045,5489,5399,5714,5812,6301,5909,5855,6367,6657,6250,6099,5611,6373,6223,6566,6206,6881,7054,6819,6804,6342,6677,6660,6960,7049,7288,7600,7310,6272,5755,5852,7461,7499,7383,7528,7451,8118,7821,7682,8226,7964,7924,8129,8098,7554,8375,8880,8386,7968,8191,7977,8384,8264,8739,8749,8858,9099,8803,9007,8185,9051,9022,9094,9405,9360,9672,9706,9072,9580,9289,9475,9753,9759,10046,9554,9485,9405,10357,10123,9821,9622,9499,10466,9965,9646,10520,10260,12835,11357,10494,10833,8919,10061,10864,10842,10925,10711,10213,11407,11493,10546,11600,10529
491,781,640,908,732,837,899,925,958,962,998,1127,1580,1197,1279,1184,1067,1472,1557,1734,1927,1690,1609,1772,1746,1728,2311,2020,1962,2031,1826,1932,3477,1941,2362,2491,2482,2467,2502,2986,2600,2723,2707,2791,2578,3019,2927,3221,3533,4780,3201,3810,3201,3531,2787,3400,3809,3796,3674,3378,3981,3774,3754,4116,3990,4046,4079,4592,4164,4558,4466,4112,4757,4906,5033,4598,5065,4991,5420,5297,5012,5362,5172,5401,4935,4903,5825,5739,5547,5460,6008,5722,5800,5850,6139,6131,6395,6204,6399,6174,6271,6063,6766,6368,7010,6661,7205,6809,6843,6515,6377,7292,7434,6912,6975,7380,5690,6293,6170,7241,7226,6860,7616,7967,8273,7496,7675,7516,7823,7735,8244,7934,7648,8234,8513,8820,8760,8361,9058,8554,8565,8281,8587,8710,9317,8576,8306,8311,9128,9307,9223,9275,9366,9160,9523,9220,9232,9301,9144,9148,9298,9586,10418,10059,9873,9357,9998,9675,9938,9924,9708,9648,10413,10047,10641,19633,10593,11251,11107,8579,10234,11904,11519,10663,10999,11216,10402,10586,11296,11345,10843
655,549,763,558,844,850,818,835,952,1024,1111,1206,1222,1259,1647,1189,1035,1712,1458,2025,1676,2098,1712,1716,2018,1925,2085,2231,2231,2146,2229,2102,2978,2181,2440,2619,2741,2388,3100,2626,2470,2528,2904,2949,2609,2708,2902,2985,2839,3774,3521,3303,3440,3381,3065,2991,3811,2938,3493,3309,3463,3586,4097,4076,4835,4475,4008,4209,4580,4451,4951,5236,5218,4900,4899,4966,4908,5063,4953,4963,4892,4765,5573,5278,5135,5999,5383,5313,6116,6009,5769,5498,5890,5650,5981,5562,5812,6387,6394,5899,6599,6528,6821,6421,6370,6261,7034,6942,6558,7009,6887,6990,6576,6976,7188,6826,6080,6805,6068,7023,7459,6978,7821,7875,7989,7715,7399,7466,7954,7947,7690,8341,7688,8194,8187,7740,8671,8032,8136,8738,8662,8183,8712,8597,9128,9020,9049,8995,8738,9238,8680,8988,9194,8580,9033,8975,8937,9642,9834,9398,9913,9884,10310,10153,9601,9690,9886,9963,9996,10249,9650,9688,10336,10180,10109,12588,10174,11390,10570,8911,8567,9982,10293,9993,11247,10115,10689,12167,11910,10550,11206
445,759,676,559,659,741,945,896,1477,1080,1092,1094,1072,1467,1335,1197,1058,1385,1504,1445,1661,1450,1643,1998,1963,1798,2425,1834,1826,2286,2494,2010,2422,2202,2304,2626,2584,2293,2335,3059,2435,2590,2477,3131,3389,2781,3314,3370,3796,3131,2997,3609,3062,3406,3186,3161,3181,4219,3560,3707,3903,3702,4041,3882,4136,4084,4637,4132,4687,4865,4202,4289,4990,5281,4806,4807,5102,4983,5440,5136,4589,5157,5101,4718,5179,5371,5593,6070,5526,5496,5363,5861,6044,5928,5756,6117,6077,6577,6157,5957,6365,5906,5998,6514,6584,6580,6745,6829,6609,7040,6636,7308,6497,7300,7816,7083,5916,6659,6184,7246,7739,7719,32969,7468,7573,7339,7639,7975,8019,7842,7521,7688,8040,8320,8089,8060,7790,8140,8368,8614,8375,8496,8001,9470,8736,9283,8839,9204,8299,9028,8943,9210,10129,9638,9376,9960,9157,9684,9079,9745,10099,9893,9511,10145,10021,10456,9438,10457,9751,10060,9354,9810,10088,10272,11123,11766,10136,10395,10698,8900,9456,11176,10210,11102,10904,10986,10681,11407,11147,10920,11758
591,675,679,741,582,720,835,1325,790,1181,1017,1217,1114,1074,1398,1337,1455,1319,1984,1663,2149,1802,1686,1968,1742,1845,2427,2051,1863,2153,1980,2076,2435,2395,2696,2496,2677,2515,2394,2409,2316,2476,2896,3033,2553,2717,3022,3037,3413,3216,3406,3633,2762,3333,3231,2957,3053,3307,3503,3143,4329,3522,3775,3865,4342,3741,3946,4755,4098,4776,4381,4639,4877,4490,5379,4789,4674,5117,4978,5274,4781,5257,4799,5109,4816,5013,5815,5507,5327,5422,5927,5729,5799,5559,5600,6105,6124,5574,6042,6219,6408,6210,6403,6147,6518,6157,6613,6946,6683,6754,6249,6811,7110,6834,7404,7561,6457,6488,6480,7370,7453,7575,6944,7739,16461,7749,7741,7853,7797,7425,8356,8067,7540,8271,8090,8691,8042,8080,9318,8651,8607,8670,8523,8727,8957,8988,9076,8404,8743,9163,9021,8945,9334,9265,9205,9823,9311,8926,9981,9684,9240,9274,9454,9769,10131,10820,10009,9823,9877,10024,9926,10406,10323,10566,10840,11690,10389,10848,10799,8239,8645,10700,11766,10984,10558,10787,11865,10690,10490,11441,10733
347,615,669,645,835,789,881,663,1115,1352,1397,1218,1181,1061,1362,1399,1048,1519,1473,1421,1608,1502,1860,1919,1637,1853,2459,2407,1989,2750,2341,1854,3448,1962,2826,2281,2500,2487,2463,2618,2676,2541,3480,3015,2639,3058,3386,3413,3551,3156,3420,3484,3479,3418,3622,3374,3745,3850,3494,3318,3875,3778,3686,4319,4210,4193,4582,4636,4035,4707,4432,4433,4723,5166,5019,4794,5718,4991,4722,4560,5195,5126,5122,5537,4284,5382,5550,6032,5618,5559,6074,6241,5716,5434,5761,6361,6122,6252,6205,6110,6597,6273,6509,6493,6169,6340,6824,7179,6786,6594,6880,7085,6952,6986,7261,7130,5575,6289,6310,7478,7671,7610,7133,7679,7996,8102,8498,7375,7758,7921,7920,7675,7945,8259,8662,8808,7799,7890,8207,8274,8284,8951,8829,9289,8724,8921,9041,8257,9239,8801,9057,8916,9573,8941,9796,9523,9149,9817,9210,15744,9528,9269,10088,9599,9862,9273,9455,10827,10372,9641,9832,10859,10669,10490,10011,12630,10716,10619,11146,8585,9140,10952,10677,11126,11015,11574,10612,11347,11008,11183,10812
620,658,769,747,711,761,1042,1478,936,1092,930,1204,1443,1184,1099,1322,1360,1943,1825,1979,1612,1747,1538,1749,1940,2076,2563,2130,2391,2441,2344,1995,3255,2470,2510,2479,2383,2443,2835,2850,2571,2476,2842,2946,2815,3083,3220,3159,3347,3709,2931,3510,3134,3402,2898,3162,3128,3878,3133,4139,4344,3720,3928,3915,4166,4167,4205,4440,4223,4251,4318,4521,4441,4891,5130,4647,5161,5073,5357,5136,4945,5206,5492,5251,5263,5364,5624,5924,5788,5448,5549,5420,5740,5938,5748,6174,6529,6333,6122,5946,6543,5845,6560,6378,6992,6549,6305,6410,6603,7079,6643,6723,6931,7461,6823,6598,5831,6084,6161,6894,7745,7470,7409,7197,8171,7544,7757,7363,7522,8430,7638,7769,7478,8669,7982,7988,8515,7882,8437,8610,8318,8703,8056,8139,8888,8976,8950,8639,9032,9061,8385,9407,8898,9394,8373,9005,9371,9060,8945,10479,9712,10242,9600,9335,8886,9480,9811,10768,10491,9681,9972,9818,10123,10301,10552,12595,10230,10708,10170,11535,8959,10609,10961,11088,11482,11039,10793,12030,11716,11102,11489
634,633,590,622,748,897,874,710,923,1093,1425,1166,1128,1544,1390,1362,1386,1384,1676,1511,1528,1701,1517,2102,1792,1939,2258,1861,1848,2032,2560,2092,2753,2281,2262,2602,3340,2544,2840,2740,2478,2692,2769,2966,2766,2547,3067,3000,3431,3083,3416,3193,3303,3303,3198,4386,3649,3483,3230,3443,3700,3720,4132,4494,3949,4241,4411,4231,4531,4542,4344,4901,4502,4501,4888,4769,5048,4793,5229,5674,5210,5293,4973,5063,5495,5258,5272,5474,6265,5484,5323,6199,6130,5506,6281,6315,5944,6236,6486,6297,6141,6190,6398,7239,6585,6691,6627,6580,7079,7201,7288,6961,6805,6707,7385,7366,5763,5734,6044,7182,7615,7704,7123,7538,7922,7644,7333,7477,7746,7866,7662,7737,7579,8429,7928,8312,8392,8196,8631,8573,8741,8243,8133,8800,8634,11108,8840,8666,8751,8512,9401,8808,9631,9261,9082,9121,8979,9348,9115,11261,10122,10236,9724,9760,9875,9519,9724,10474,8960,9654,10301,10294,10098,10247,10646,12571,10519,10175,11201,8650,8533,12078,10438,10688,10924,11681,11677,11025,10224,10526,10992
340,673,746,1022,928,1121,1168,783,1022,984,836,1103,1337,1122,1149,1445,1221,1503,1795,1809,1461,1913,1953,1954,1839,1923,2484,1916,2180,2165,2669,2144,3483,2044,2479,2436,2554,2551,2618,2338,2793,2498,2636,2836,2391,2759,3202,3189,3605,3671,3079,3455,3226,3468,3030,3893,3118,3163,3364,3844,4059,3270,3728,3916,3807,4385,4096,4077,4584,4455,4577,4473,4596,4568,4484,4863,5031,5172,5149,5190,5157,5080,5368,5387,4651,5463,5542,5585,5094,5795,5970,6216,5819,5824,5915,6775,5880,6481,6118,6061,6296,6041,6989,6313,6807,6697,6546,6615,6163,6471,7214,6935,6954,6927,7190,7246,5745,6141,5992,7412,15289,7941,7468,7767,7867,7698,7396,7751,7720,7782,7813,7464,7379,8045,8337,7872,8574,8390,8349,8879,8583,8642,8744,8704,9122,9639,9208,9001,8811,8686,8580,8996,9247,9644,8933,9485,9193,9008,10332,9361,9570,9380,9468,10579,9667,10549,10005,10089,10144,9714,10168,10061,9897,10080,10826,12613,10671,10592,10332,9284,8699,11248,10637,11629,10721,11953,10912,11348,10089,11272,11289
633,623,602,778,660,598,862,1027,1188,1017,911,1398,1268,1196,1235,1503,1986,1454,1373,1642,1731,1503,2126,1974,1843,1923,2601,2287,2366,2081,1980,2172,3046,2015,2440,2576,2571,2683,2517,2774,2540,2933,2877,2794,2622,2889,2898,3002,3166,3043,3214,3579,3041,3371,2929,3490,3674,3668,3348,3371,3664,3801,4010,4437,4179,4057,4249,4518,4047,4827,4474,4454,4728,4601,5383,4664,4879,5004,4897,5182,5083,5316,5155,5596,5024,5019,5882,5466,5620,5370,6206,6316,6097,5813,6010,6434,6564,6359,6547,5959,6324,6701,6487,6305,6362,6058,6870,6906,6658,6776,6101,7501,6940,7125,6786,6952,5625,6107,6181,7521,6749,7258,7580,7686,7973,7725,7455,7434,7895,7548,8351,7906,7983,7849,8486,8239,8293,7942,7943,8586,8127,8699,8256,8359,8546,10714,8736,8581,9678,8832,8987,8777,9488,9623,9049,9480,9229,8808,8754,9351,9776,9489,9919,9560,9576,9382,9183,9879,10825,9561,10199,10309,9770,10485,10475,13960,10093,11025,9971,10510,8643,11777,10608,11017,11177,11159,11037,11202,10967,10880,11074
501,611,872,744,896,862,841,898,914,1113,1100,1203,1158,1341,1102,1230,930,1944,1581,1884,1842,1950,1885,1835,1948,1918,2771,1748,1967,2192,2009,1962,2870,2114,2559,2620,2780,2432,2801,3019,2224,2539,2792,3109,2562,2741,3014,2946,3075,3476,2787,3568,3570,3015,2858,3285,3053,3137,3232,3832,3442,3626,4028,4188,3973,4283,4399,4559,4744,4349,4631,4481,4479,5303,4804,4930,4665,5192,5086,5703,5106,5051,5427,4796,5232,5465,5190,5579,5906,5589,5503,5651,6104,5550,5781,5720,5805,6154,6395,5952,6192,5962,6326,6421,6133,6057,6588,6730,6779,6810,6372,6666,7018,6537,7784,6889,5730,5878,5623,7190,7104,7845,7580,7735,7535,7485,7899,7386,8019,7713,7826,7457,8093,8227,8158,7980,8452,8453,8419,8103,8501,8004,8644,8887,8402,11290,8486,8724,8720,8928,8334,9165,9616,9488,9114,9641,8910,9066,8684,9485,10140,9851,9658,9282,9169,9445,9664,10110,9913,9592,9214,9204,10671,10176,10464,13783,10385,10093,10184,10968,9207,10798,10603,10406,11323,10786,10641,11301,11192,10319,10934
659,618,797,781,770,858,1078,792,999,1173,1200,1222,1138,1200,1234,1272,1094,1356,1641,1487,1499,1543,1498,2017,1834,2097,2221,1813,1918,2050,2705,2030,2858,2279,2395,2165,2453,2544,3012,2319,2431,2699,2871,3201,2563,2811,3163,3055,2933,2845,3317,3599,2902,3548,2996,3476,3100,3314,3397,3393,3802,3998,4119,3842,4525,4230,4218,4311,4602,4845,4566,4525,5084,4520,4718,4841,5290,5145,4923,5157,4758,4879,5229,5060,4493,5180,5085,5462,5741,5701,5501,5665,5773,5775,5606,6278,5837,5915,5876,5635,6408,5968,6344,6353,6544,6683,7045,6984,6658,6621,6991,6729,6967,7263,7572,7299,5391,5700,5989,6848,7400,7481,7448,7489,7742,7581,7259,8151,7470,7765,8103,7890,7362,7700,8252,8301,7864,8276,7925,8479,8093,8507,8052,8144,8583,11478,8350,8843,8366,9068,18548,8993,9845,9145,9345,9067,9212,8779,9176,9397,9658,9860,9866,9092,9816,9210,9924,9797,9404,10346,9720,9808,9687,10561,10532,13201,10029,10056,10507,10400,8636,10536,10315,10820,11045,10452,10943,11528,11073,11227,11095
479,608,605,672,679,904,1144,1035,1011,1052,1043,1043,1083,1021,1580,1226,1099,1349,1718,1551,1725,1721,2245,1779,1696,1865,2431,1903,1996,2444,2100,2155,3041,2140,2511,2415,2685,2555,2424,2546,2953,2697,2455,2907,2799,3051,3379,3215,3267,2628,2814,3329,3396,2970,3118,3040,3207,3443,3592,4468,4327,3480,4144,4140,4064,4105,4808,4621,4190,4390,4941,4858,4646,4572,4901,4336,5063,4879,5414,5043,4752,4948,5352,5343,4881,5441,5749,5253,5320,5882,5693,5798,5530,5819,6017,6134,6460,6334,5982,5750,6536,5870,6792,6544,6564,6366,6613,6825,6308,6394,6315,7080,7330,7108,7404,7029,5943,6226,5939,7198,7359,7900,7127,7782,7664,7455,8094,7550,7877,8298,8098,7779,7211,7621,8683,8223,7631,8418,8300,8290,8688,8649,8353,8959,9492,11888,8566,8042,8726,8507,8166,9054,9176,9331,9106,9417,10078,8972,9139,9316,9899,9014,9796,10058,9762,9607,10044,9246,10333,8889,10420,10118,9874,10568,10001,11356,10129,10227,11776,8810,8928,11105,10846,10441,9906,10949,10156,10826,10871,10868,10678
461,603,794,698,749,811,1006,834,1164,1045,1388,1076,1204,1209,1147,1532,1354,1342,1531,1329,1848,1614,1510,1738,1806,1892,2775,1956,2188,2530,2233,2044,2727,2331,2582,2512,2975,2684,2891,2527,2625,2583,2913,3210,2606,2786,2761,3478,2985,3252,2862,3781,3055,3603,2913,3498,3173,3024,3185,3331,3989,3732,4395,4160,4015,4005,4713,3988,4006,4074,4451,4330,4681,4525,4639,4845,4939,4759,5001,4947,5187,5339,5271,5073,5241,5273,5491,5578,5805,5408,6138,6238,5840,6333,5817,5892,5900,6438,6248,5965,6313,6216,6030,6247,6465,6538,6729,6980,6575,6890,6665,7154,6997,7158,6957,6991,6059,6056,5909,24235,7420,7397,7806,8063,7822,7803,8337,7630,7547,7121,7621,7825,7660,7840,8401,8260,8901,7918,7988,8041,8281,8689,8484,7626,9239,10553,8856,8502,9761,9321,8200,9302,43287,9255,8828,9945,8558,8749,9484,8926,9806,8998,9501,9265,8847,10489,10669,9477,10143,9840,10079,9522,10519,9775,9882,11696,10716,9779,9558,9011,8402,10529,10104,10523,10629,11499,11196,10811,11401,11316,10265
620,616,698,903,698,751,924,818,846,886,895,899,1195,1401,1309,1567,1357,1434,1487,1964,1430,2000,1761,2057,1947,2043,2158,1912,1991,2115,2415,2239,3302,2223,2887,2558,2400,2880,2731,2978,2789,2719,2514,2829,2992,3146,2915,3512,3688,2896,3439,3261,3299,3539,3610,3315,3654,3380,3414,3475,4011,3965,32961,4099,4181,4289,4340,4318,4418,4698,4147,4223,4598,4937,4858,4606,5082,5039,4412,5442,5121,5028,5440,5571,5035,5173,5302,5715,5581,5980,5478,5450,5945,5931,6034,6400,6415,6244,6301,5719,6164,5641,6406,6485,6564,6163,6562,6550,6821,6832,7035,7372,6976,6991,6833,7218,5881,6070,5707,6793,7778,6879,7928,8251,7275,7562,8130,7460,7569,8108,7703,7814,7619,8060,7821,8085,8418,8248,7638,7870,8484,8713,8557,8499,9048,10557,8523,8706,8186,9140,8521,8850,8281,8821,8573,9713,8900,9359,9438,9418,9500,9471,9441,8990,10050,9958,9609,10355,9633,9518,9844,9483,10470,10351,10191,22591,9854,10773,10222,8766,8721,10385,10024,11254,10840,11335,11372,11523,11001,10629,10802
526,690,677,786,773,846,842,825,857,950,1000,1123,932,1304,1021,1175,1415,1619,1530,1437,1813,1570,1756,2163,1935,1834,2617,1799,2014,2291,2444,1922,3209,2435,2340,2406,2977,2355,2534,2961,2582,2540,2514,2969,2507,2463,3522,3157,2857,3166,2947,3459,3036,3322,3060,2944,3271,3100,2997,3262,4130,3680,3362,3702,4238,4735,4487,4312,4679,4606,4695,4423,4397,4881,5396,4815,5104,4767,4991,5040,4890,4931,5110,5076,5609,5563,5352,6110,5732,5692,5901,5544,5904,5412,5698,5617,5958,6299,6063,5518,6584,6166,6513,6881,6064,6825,6476,6499,6232,17751,7081,6963,6509,7196,7235,7037,5657,6229,5941,7059,7247,7753,7362,6862,7536,7627,7787,8276,7966,7907,7921,8291,7909,8003,7992,7854,7836,8213,8098,8625,8652,8511,8761,8889,8481,10031,8173,8726,8607,8813,8654,9296,9162,9452,9437,9160,9573,9017,8806,10152,10064,9571,9199,9900,10163,9734,9318,9909,9644,9801,10117,10110,10248,10428,10443,12652,10250,10335,10614,8684,8415,10612,10091,11074,9928,10725,10324,11160,9580,11647,10782
516,496,706,793,826,849,967,917,1369,1201,975,1182,1182,1277,1363,1483,1306,1309,1405,1640,1452,1681,1841,1566,1727,1824,2894,2004,2480,2086,2205,1939,3379,2223,2435,2669,2334,2719,2725,2646,2704,2690,2778,2977,2498,2760,3056,3278,3407,3081,3428,3466,2969,3334,3125,3309,3710,3909,3220,3450,3876,3534,3855,3921,4288,3959,3961,4391,4385,4374,4525,4507,4774,4518,4650,4878,4669,4814,4894,4881,4958,5483,5134,4952,4812,4976,5586,5581,5520,5299,6010,6144,5769,5817,6499,6259,6243,6350,5896,5952,6259,6442,6186,6373,6634,6807,7049,6726,5988,6311,6343,6958,6825,7099,7161,6888,5737,5766,6107,7233,7217,7678,7225,7121,7753,8256,7905,7669,8321,7657,7323,7850,7711,7581,8088,8182,8265,8109,8523,7862,8779,8260,8005,8990,8866,9865,8994,8299,8667,9348,8927,8671,8693,8871,9158,9381,8902,9327,8562,9623,9781,9664,9732,9630,9037,9671,9922,18875,9751,9356,10604,9960,10297,9885,10178,12372,10433,9938,10229,9152,8423,10263,10503,10872,9744,10724,10960,10662,10881,10762,11189
640,722,773,612,752,772,1082,787,871,1314,1025,1197,1155,1233,1684,1302,1167,1330,1640,1787,1658,1551,1610,1886,2355,2135,2918,1849,1951,2181,2114,2241,2995,1936,2823,2471,2379,2387,2725,2487,2823,2922,2439,2779,2943,2867,2976,3183,16477,2801,2651,3491,3260,3300,3142,3325,3387,3202,3597,3257,3738,3502,3565,3935,3981,4382,4237,4579,4247,4222,4968,4330,4954,4786,4848,4733,4874,4737,5079,5017,4791,5129,5138,5075,4992,5062,5309,5599,5681,5594,5750,5716,5670,5868,6003,5971,6289,6288,6215,6137,5899,5921,6449,6833,6326,6349,6907,6776,6941,7053,6933,7043,6913,6962,7274,7059,5674,5941,6181,7068,6817,7001,7376,7431,7780,7820,7888,7745,7775,7691,7718,7304,7578,6990,8179,8146,8099,8773,8596,8291,8037,8689,8803,8710,8732,8539,9136,8926,9610,9693,8295,8778,8964,9232,8852,9219,9024,9457,8832,9138,9092,9051,10051,9027,9547,9641,9317,9037,10521,9848,9642,10325,10288,9977,10001,11728,10566,10536,9796,8173,8789,10578,10638,10656,10528,10227,10331,10577,10574,11759,10713
541,522,785,621,1026,874,1074,1026,855,1261,981,1141,1380,1295,1172,1259,1534,1468,1448,1781,1627,1617,1692,1955,2121,2145,2248,1741,1957,2246,2226,2345,3170,2429,2161,2629,2656,2421,2522,3382,2614,2388,2586,3164,2653,2486,2705,3065,3011,3011,3256,3430,3241,3401,3199,3451,3272,3821,3243,3613,3412,3526,3905,4585,4555,4373,4342,4439,4373,4349,4269,4499,4881,4541,5304,4753,6081,4897,5013,4982,4901,4863,4910,5145,4565,5218,5495,5898,6071,5889,5687,6081,6123,5144,5441,6491,5650,6292,5809,5582,5971,6128,6328,6290,6399,6262,6306,6469,6990,7953,6656,6849,7326,7560,6858,6471,5834,6268,6125,6949,7618,7292,7651,8182,7505,7009,7848,7260,7972,8219,7720,7232,8132,7892,7987,7422,8108,7935,8618,8483,8556,8047,8745,8529,9125,8490,8619,8927,8269,9229,8410,8272,8947,9198,8995,9220,9159,9727,8777,8858,11708,9270,10269,9772,9210,10020,9117,9682,10129,9912,9547,9819,9551,10346,10609,19839,10008,10377,19749,8654,8616,9960,9796,10743,10602,10286,10856,21534,10290,9855,10756
658,674,558,900,664,724,1269,933,975,915,990,1206,1251,1096,1218,1485,1201,1695,1414,1647,1573,1862,1769,2200,2458,1967,2425,2009,2268,2147,2596,1963,3640,2349,2377,2256,2262,2437,3042,2477,2569,2605,2641,2905,2564,3229,2905,2859,3420,2962,3442,3431,3589,2919,10706,3099,2916,3482,3485,3226,3909,3934,4271,3622,4519,4155,4225,4339,4116,4481,4501,4749,4694,5153,4539,5344,6213,5157,4926,5126,4805,5061,5121,4803,5105,5024,5368,5571,5845,5737,5666,5901,6190,5837,5813,5975,6503,6322,6233,6180,6319,6062,6191,6576,6547,6268,6747,6227,6611,7428,6526,6379,6488,7286,6902,7222,5841,5441,5703,6969,7678,8168,7446,7538,7092,7794,7686,7886,8495,8189,7591,8298,7695,8414,8262,7989,7335,7945,8809,8189,8191,8384,8233,8763,8593,8742,8222,8780,8911,8773,8142,8692,8969,9462,8773,9180,9639,9087,9217,10113,11823,9689,9315,9820,9290,9799,8761,9937,9936,10014,10482,9192,10741,9786,10973,10587,10178,10675,9912,9734,8907,9744,10435,11338,9935,10439,10893,11478,11106,10616,10703
638,484,677,1008,659,829,914,900,940,1017,1059,1048,1202,1297,1225,1420,1130,1251,1444,1491,1513,1769,1779,1861,2199,2261,2095,2129,2143,2027,2017,2220,2885,2082,2560,2409,2654,2708,2341,2491,2933,3047,2765,2955,2607,2904,3036,3189,3317,2987,2675,3450,3119,3554,2939,3345,2972,2993,3571,3587,4036,3536,4131,3951,4122,4381,4343,4287,4212,4455,4988,4596,4914,5193,4654,4735,6116,5082,5193,5252,4942,5210,13033,5048,4459,4630,5647,5342,5256,5956,5569,5381,5330,14707,5920,5877,6417,6125,6132,5863,6333,6578,6141,6673,6539,6586,6983,6501,6736,6624,7175,7200,6843,6744,7120,7262,6120,5773,5846,7336,7473,7622,7282,7604,7671,7717,7251,7643,7700,7914,7840,8442,7624,8230,8004,8579,7886,8010,8546,8446,8265,8345,8171,7797,7932,9422,8407,8350,8280,8267,7999,9192,9740,9364,9576,9186,9258,9074,9765,9898,37734,9667,10078,9614,9598,9704,9746,9889,10511,9258,10053,10403,9702,10890,9881,11648,11022,10239,9916,9918,9040,10658,10886,10924,9966,10833,10229,12038,10290,10962,10346
604,582,763,627,986,934,1041,968,1091,1020,957,866,1154,1193,1004,1243,1125,1501,1801,1533,1754,1599,1608,1770,2215,1905,2129,1942,2260,2067,2055,2231,3729,2331,2209,2431,2499,2403,2805,2755,3184,2339,2913,2882,2597,2685,2743,3089,3304,2700,3187,3296,2958,3570,3195,3070,3236,3608,3585,3475,3957,3308,3480,3895,4501,4173,4336,4482,3788,4261,4553,4315,4646,4964,5216,5010,6157,4978,5063,4588,5078,5074,5146,5132,4422,4937,5667,5624,5963,5672,5863,6213,5558,5695,5803,6284,6462,6423,6248,6099,5952,6405,6228,6589,6801,6370,6487,6615,6741,6727,6874,6751,7272,6879,6928,7470,6021,6125,5916,7455,7652,7329,7520,7918,7753,7670,7954,7677,7848,7030,7919,7703,7748,8020,7921,8110,7421,8059,7999,9015,8870,8786,8581,8674,8423,8998,8794,8209,8305,8221,8058,9416,8652,8993,9139,9467,8522,8853,8105,9482,10067,9334,9965,8860,9650,9642,9844,9371,9759,9867,9982,10162,10366,9378,10251,11234,9807,10700,10879,9614,8362,10097,10210,10184,9559,10672,10904,11645,10626,10601,10738
565,585,832,697,715,754,1010,934,811,975,977,1137,1221,1162,1141,1318,1162,1549,1610,1701,1733,2005,1807,1569,2310,1985,2441,2086,1827,2104,2040,1918,3117,2421,2029,2532,2485,2632,2664,2400,3215,2310,2680,3025,2715,2664,3209,3077,3158,2959,3220,3619,3086,3094,2915,2945,3155,3378,3315,3609,3915,3518,3926,4157,4086,4598,4371,4467,4705,4554,4730,4383,4523,4591,4921,4659,7208,4831,5481,4676,4935,4801,5164,5340,4852,4488,5404,5621,5585,5419,5636,5246,6584,5939,5352,5831,6267,6257,5575,5715,5989,6270,5924,5948,6141,6531,6596,6623,6941,6773,6587,6782,7026,6821,7093,6988,5686,5862,5670,6970,7417,6527,7721,7884,7323,7932,7860,7826,7298,7783,7816,7895,7664,8327,8026,7980,8709,7716,8147,8093,8237,8109,9065,7632,8523,8714,8159,9313,8304,8389,8134,8582,9200,9260,9078,8860,9823,8314,9688,9255,9657,9210,9809,9917,9018,9279,8892,10405,9863,10170,9891,9248,10523,9414,10239,11053,9954,10653,9745,9893,8768,9884,10601,10700,10698,9754,10318,11251,11622,10944,10698
360,605,694,540,674,955,766,779,1345,1346,1062,960,1091,1214,1565,1165,1052,1233,1594,1545,1752,1856,1674,1679,2777,2226,1949,1892,2196,2041,2134,2033,2371,2616,2602,2355,2577,2552,2674,2920,2157,2817,2644,3101,2444,2676,3021,3037,3410,3175,3242,3495,3042,2945,3051,3043,3738,3496,3093,3328,3912,3366,3954,3855,4157,4188,4011,4150,4349,4560,4337,4324,4967,5038,4362,4783,5895,4972,5161,5376,4862,4498,4978,4911,5166,5344,5233,5257,5443,5728,5960,5760,6063,5452,6530,6319,6253,6003,6324,6000,6232,5913,6134,6375,6411,6737,6205,6505,6116,6840,6462,6563,6955,6837,7179,6791,5391,6348,5737,6638,7937,7922,7450,6735,7206,7920,7514,7059,7970,7802,7417,8056,7639,7734,8163,8279,7893,8205,8247,7971,8649,8122,7982,8869,7966,8521,9147,8408,8759,9185,8030,9513,8916,9459,9459,9373,8811,8920,9509,9649,9520,9728,9322,10070,9832,9562,9906,9615,9349,9855,10101,9748,10124,9750,10042,11671,10701,11166,9301,9602,8335,10563,10447,10706,11005,10484,10617,10961,11501,10206,10064
495,452,727,685,849,822,1064,961,873,986,1000,838,999,1191,1150,1558,994,1572,1499,1478,1846,1715,1911,1751,2134,1920,2264,2124,2061,2336,2430,2023,3083,2313,2721,2507,2525,2503,2815,2728,2741,2670,2409,2823,2600,2661,3224,3171,3544,2855,2827,3538,3044,3428,3055,3058,3291,3221,3116,3192,3688,3696,4015,3943,4162,4468,4360,4800,4633,4181,4801,4540,4473,4535,4664,5038,6394,4868,4929,4916,4834,4999,4939,5076,4869,4951,5677,5821,5708,5355,5501,5528,5642,5826,5710,6200,6228,5919,6243,5697,5898,6471,5736,6199,6356,6408,6110,6674,7015,6959,6433,6667,6809,6770,6394,7052,5889,5615,5918,7657,7643,6453,7844,7836,7748,7482,8026,7920,7357,6965,7843,8085,7554,8065,8540,8202,7516,8122,7890,17326,8015,8899,8848,9031,8408,8960,8866,8591,9174,8292,9399,9659,9487,9187,9034,8876,9789,8685,10040,8942,9988,9605,10082,9666,9458,9989,10104,9766,10860,10363,9670,10369,9394,9732,9997,11309,10486,9479,10548,9916,8417,10412,10064,10734,10604,10178,9968,10426,9774,10445,11611
687,529,687,769,698,747,743,755,1045,941,1386,1057,1187,1158,1277,1300,1088,1756,1411,1454,1866,1611,1743,1817,2382,1860,2383,1809,1923,2416,1963,2137,2539,2092,2625,2553,2793,2583,2409,2327,2680,2656,2692,3029,2719,2904,3168,3083,3220,3303,2861,3504,3022,2888,2794,3439,3342,3380,3729,3968,4135,3518,3595,4508,4179,4006,3874,4370,3598,4557,4598,4146,4671,4883,5145,4350,6881,4620,5566,4792,5644,5310,5253,5697,5119,5143,5293,5550,5196,5197,5681,6169,5314,5864,5897,6447,6556,5964,6127,5759,5737,6105,6383,6228,6243,5862,6575,7142,6501,6600,6485,6429,6223,6940,6840,7022,5722,6168,5676,7025,7600,6963,7697,7777,8063,7836,7914,7978,7191,7801,7756,7976,7593,7810,7934,8142,8880,7955,8145,7702,7977,8294,8463,8611,8144,8936,9260,8573,8082,9033,9006,8703,8910,9101,9139,9270,8850,8685,9210,9013,9478,9649,9793,9460,9014,9548,9518,10337,10547,10680,10001,9997,9906,9152,9515,11871,9851,10861,9984,9514,8685,10840,10259,9870,10599,10932,10646,10254,10968,11213,10400
579,504,1081,783,769,794,943,859,856,1073,814,1187,1125,1199,1226,1356,1649,1510,2074,1369,1476,1478,1796,1946,2211,1914,2257,2018,2400,2184,1880,2009,2830,18701,2695,2485,2351,2908,2759,3015,2359,2421,2795,2971,2861,2664,3159,3283,3136,3068,3347,3493,3040,3280,3200,3073,3253,3120,3270,3545,4020,3382,3841,3863,4075,4272,4462,4209,4750,4420,4595,4325,4988,5006,5394,4742,6749,4724,5217,5157,5115,4870,5216,4935,4671,4839,5440,5960,5346,5882,5578,5497,5646,5688,5683,6212,5782,6357,6472,5853,6038,6263,6407,6046,5957,6445,6261,6718,6881,6655,5973,6418,7450,7469,7402,7123,5501,6240,5739,7018,7606,7269,7317,7820,7010,7543,8367,7200,8201,8114,7475,7539,7037,7779,7962,7430,8545,8223,7967,8076,8105,8623,8356,9093,7837,7867,9060,9567,8283,8398,9307,8498,8515,9586,8161,9156,8118,9697,8700,9285,9256,8598,9581,9647,8891,9738,9977,9822,9552,9737,9925,9827,10419,10156,9537,10911,10354,11031,9629,10716,9160,9570,10177,10277,10388,10539,10437,10616,11398,10046,9929
643,500,771,618,1159,891,1110,1041,1082,916,1088,1175,951,1247,1178,1210,970,1370,1383,1926,1553,1476,1608,1655,2393,2177,1898,2305,2162,2085,2136,1985,2703,2102,2261,2182,2912,2394,2884,2261,2713,2362,2999,2839,2640,2596,3446,3067,3446,3264,2807,3508,2878,3253,3232,3287,3553,3566,3659,3796,3999,3910,4076,4153,4103,3908,4270,4308,4566,4518,4588,4432,4727,5468,5118,4945,6550,5363,4674,5079,4936,5421,4959,5291,5243,5218,5277,5468,5584,5704,5896,5717,6201,5619,5531,5831,6321,5983,6449,6383,6403,6167,6445,6425,6381,6822,6253,6655,6584,6867,6820,6426,7235,7273,7366,6269,5758,5914,5405,6657,7625,7747,7242,7313,7133,7311,7944,7842,7793,7649,8108,8088,7603,8646,8651,8635,7743,8202,8239,8493,8430,7886,8070,8169,8969,9228,9077,8686,8688,8301,9713,8901,9147,9237,8453,9722,8320,9200,9157,8756,9078,8525,9863,8974,9830,9604,9250,9545,9345,10663,9499,9295,9046,10471,9553,11760,9755,9862,11036,10402,8138,9816,10482,10187,11220,11201,10693,10551,11241,11519,11081
715,553,966,666,718,709,944,716,747,1021,938,967,1141,1155,1538,1709,1032,1114,1577,1632,2108,1738,2033,1847,2470,1822,2200,1911,1784,2291,2503,2012,2298,2096,2465,2430,2740,2817,2725,2542,2594,3225,2564,2948,2705,2740,2912,3098,2981,2645,3456,3283,2923,2922,3105,2925,3304,2998,3486,3487,4061,3311,4026,4063,4000,4298,4208,4302,4092,4280,4609,4662,4577,5323,4587,4733,6189,4905,5258,4866,5011,5360,5115,5588,4653,5479,5428,5950,5674,5520,5428,5879,5282,5620,6360,6328,6700,6122,6028,5807,6399,6111,6327,5986,6400,6825,6669,6819,6082,6586,6770,6747,6821,7121,7342,7912,5772,6044,5743,7049,7740,7160,7531,7786,7966,7688,7190,8061,7697,7418,7851,7332,7158,7471,8278,7642,7915,7835,7875,8226,8616,8437,7703,8370,8302,8771,8999,8191,9068,9202,9227,8846,8961,9376,9460,9620,9431,9239,9344,8975,9462,9822,10333,8933,9532,9813,8659,9833,9236,9350,10294,10212,10038,10519,9803,10953,9831,9382,10141,10238,8601,10581,10897,9551,10170,9628,10111,10744,10272,10712,10699
782,592,474,754,629,598,1003,846,1033,1435,1176,1128,1093,1325,1087,1568,1238,1703,1937,1600,1520,1588,1864,1720,2507,1679,2109,1899,1933,2147,2197,2066,2244,2012,2611,2566,2736,2132,2711,2631,2618,2532,2509,2717,2661,2848,3192,3701,3255,2896,3058,3341,3030,3073,2839,2911,3262,3671,3593,3351,4190,3383,4399,4180,4298,4337,4438,4406,4626,4375,4859,4425,5205,4622,4838,5452,6295,4701,4775,5108,5142,5003,4942,5748,5190,5072,5629,5449,5516,5192,5799,6001,5531,5963,5784,6258,5939,5617,5984,5710,5966,5841,5869,6343,6206,6069,6366,6758,6839,6657,6568,6760,6827,6747,6940,7392,5623,5837,5853,7129,7197,6665,7762,7424,7707,8094,7277,7675,7651,7335,8236,7792,7739,6876,7567,7637,8074,8269,8549,7541,8162,8720,8505,8051,9047,8585,8980,8372,8825,8240,8399,9062,9339,9065,8366,8463,8112,9042,9406,9594,9675,9567,9164,9201,9865,10119,9602,9580,10972,9599,9675,9346,9933,9091,10142,10869,10170,10178,10480,10705,8874,10203,10800,9698,9953,11172,10434,10336,9939,10839,10617
496,680,724,723,958,1154,1071,912,1078,791,1046,1072,1159,1570,1382,1318,1168,1398,1770,1761,1491,1570,1680,2067,2229,1995,1975,2202,2236,2086,1881,2095,3072,1985,2465,2480,2508,2856,2565,2364,2497,2421,2507,2963,2695,2804,2630,2990,3159,3115,2883,3649,3144,2915,3079,3168,3122,3339,3429,3197,4213,3338,3776,3839,4301,3954,4077,4279,4188,4453,4411,4269,4738,5357,4946,4994,4876,5126,4862,5154,5118,5255,5101,5072,4441,5033,5364,5425,5282,5821,5268,5750,5497,6400,5918,5743,5592,6231,5957,5664,6336,6007,6424,6379,6090,6086,6174,6298,6522,6370,6177,6674,6711,7052,7310,6530,5580,6091,5897,7525,6857,7840,7797,7417,7589,7517,7349,7735,8078,7727,7478,7783,7581,8572,8093,7900,7704,8056,8483,8872,8559,7855,8455,8538,8319,8390,8411,8182,8369,9053,8495,8801,34269,9273,8919,9202,9724,9025,8126,9774,9112,9491,9831,8956,9324,9776,10043,10052,9412,9767,9618,10207,10434,9789,10024,11393,9855,10721,9435,10837,8681,10891,9962,9893,10123,11461,10716,10601,11259,10848,10107
496,626,586,549,563,690,596,774,824,935,992,1028,881,1086,1096,1220,1192,1530,1535,1652,1449,1669,1600,1779,2108,2045,2019,1987,1979,2489,2450,2357,2484,2187,2626,2412,2519,2575,2611,2341,2774,2698,2647,2987,2985,2606,3413,3581,3194,2899,3136,3358,2882,3451,3293,3161,3356,3050,3558,3262,3689,3605,3970,4071,3993,4261,4270,4235,4779,4772,4435,4657,4660,4627,5049,4829,5361,4893,5464,5091,4783,4811,5293,5246,5308,4920,5372,5923,5669,5237,5563,6170,5914,5273,5998,5788,5919,5795,6489,5576,6663,5743,6660,6439,6699,6750,6475,6601,6687,6274,6543,6474,6537,6957,7110,6803,5602,5786,5747,7167,6840,8046,7237,7304,7182,7924,7548,7187,7805,7565,7709,7528,7576,7940,8056,7880,7926,7949,8470,8267,8263,8247,8349,7990,8227,8592,8755,8159,8092,8771,8368,8921,9468,9589,8718,8888,8983,9069,8812,8612,8863,9544,10060,8819,9488,9759,9356,10176,8777,9940,9189,9735,9479,8891,10374,10180,9881,9360,9929,11206,8479,9535,10705,9458,10182,10529,10254,10594,9772,9721,11517
697,625,735,696,718,873,984,940,777,819,1046,1106,1238,1098,1390,1465,1268,1567,1379,1528,1583,1392,1947,1721,2651,1866,1748,1906,2077,1932,2308,2081,3107,1887,2606,2383,3060,2375,2559,2757,2617,2978,2637,2806,2562,3099,3419,3230,3400,3013,3236,3459,3044,3399,2885,3238,3476,3143,3213,3071,3745,3560,3833,3806,4134,4056,3988,4365,4607,4426,4792,4686,5006,4974,4873,5263,5212,4862,5339,5213,5028,5443,5083,5266,4381,4547,5921,5998,5723,5485,5929,5899,6052,5612,5968,6198,5945,5779,6051,6015,6325,5899,6225,5960,6291,6821,6928,6705,5847,6077,6788,7195,6641,7028,7258,6644,5646,5793,5779,7626,6840,7912,7719,7455,7089,7593,7675,7384,7457,6935,7954,7067,7665,7004,8068,8315,7916,7776,8658,8913,8414,8832,8426,8721,8380,9010,8224,8210,8295,8676,8403,8820,9284,8817,8807,9572,9183,8717,10002,8977,9636,9655,9140,9260,9277,9433,9373,10456,9318,10138,9659,9450,9057,9856,9842,10189,10061,10953,9724,10685,8569,11390,10117,9308,10935,9760,9442,10026,9617,9832,10649
681,638,536,720,819,733,800,1034,1005,991,994,979,1274,1197,1067,1862,1247,1430,1585,1480,1680,1651,1672,1910,2662,1697,2004,1878,1619,2050,2065,1997,3213,2067,2421,2532,2258,2615,2798,2361,2384,2498,2642,2880,3212,2596,2799,3171,3499,2916,3061,3544,2912,3578,2942,3171,3102,3203,3440,3684,3904,3304,3892,3943,3921,4119,4814,4199,4108,4773,4706,4588,4439,4516,4618,5056,5916,5254,4783,4769,5135,5634,5154,5321,5022,4896,5311,5134,5208,5244,5742,5888,5209,6105,6399,5645,6350,6425,6383,5304,5821,6558,5828,6475,6704,6732,6670,6591,6942,6342,5984,6635,6695,6402,7118,6852,5442,5805,6295,6699,7360,6429,7099,7692,7639,7483,7394,6818,7394,7244,7802,7403,7743,7760,7731,7842,8061,7847,7948,8430,7993,8287,8086,8483,8312,7748,8813,8028,9226,9219,8428,8998,9713,8952,9379,9404,9533,8419,9167,9359,9511,9850,9720,9932,9252,9653,9248,8751,10436,9813,9726,9270,18808,10161,9617,11681,9719,9124,10278,10465,8436,11165,10002,9614,10197,9549,9913,9850,10378,10912,10366
592,615,668,823,637,711,627,852,772,1270,926,1201,1015,1040,1532,1241,1378,1300,1719,1668,1568,1412,1821,1913,2293,1988,1847,2111,1821,2005,2162,2054,3613,2221,2315,2461,2473,2961,2723,2385,2820,2679,2641,2895,2830,2481,3312,3128,2999,2878,3039,3642,3108,3503,2987,3275,3194,3447,3390,3351,3934,3992,3952,3972,4593,3881,4362,4607,5223,4304,4507,4693,5254,5237,5129,4605,5314,4739,5899,4941,5130,5030,5132,5277,4815,5116,5383,5837,5607,5547,5899,5319,5710,5954,6257,5830,5660,6212,6117,5731,6217,6300,5692,6491,6442,6040,6539,6803,6520,7022,6417,6522,6968,6826,6729,6577,5615,5869,5510,6846,7658,7120,7120,7709,7204,7322,7652,7627,7123,7211,7341,7786,7915,7892,8181,8341,8025,7732,8177,8719,8716,9028,8264,9119,8577,9479,8623,8419,8800,9226,8701,8407,8729,8643,8785,8452,8570,9309,8794,8131,9758,9729,8764,8814,8561,9741,9272,10201,10088,10293,10000,8611,9038,9593,9250,10600,9827,9218,9764,10989,8488,9855,9955,9176,10407,9733,10438,11041,10709,10149,10569
665,713,742,669,596,919,1215,865,1241,1090,1100,1103,1047,1369,1031,1330,1548,1405,1330,1343,1650,2003,1798,1850,2166,1977,1927,1790,2120,2310,2555,2342,2517,2085,2490,2569,2798,2583,2571,2817,2598,2385,2896,2920,2612,2942,2712,3224,3699,3110,3557,3321,3038,3282,3094,3247,3128,3722,3062,3083,3527,3686,3980,3830,4267,4125,4472,4418,4570,4460,4657,4968,4574,5087,5056,4724,5121,5003,5368,5244,4651,5046,4823,4980,4841,4853,5360,5960,5437,5712,5659,5528,5957,5954,6003,6168,5488,6027,5814,5719,6605,5768,6372,6095,6384,6684,6560,6958,6195,6937,7087,6277,6530,7533,7456,6454,5583,6050,5539,6824,7134,7914,7391,7328,7887,7623,7213,7819,7881,8096,8166,7874,8122,8460,8418,8303,7990,8081,8347,7865,7708,7760,8137,8532,7620,8253,7983,8329,8157,8047,8717,8273,9733,8896,8951,9042,8460,9813,9488,10380,8974,9756,9358,8231,8564,9936,10288,9773,9746,9460,9738,8857,8851,9836,11022,10253,9667,9721,9730,11037,9002,10903,10049,22006,11000,10844,11127,10021,9849,10903,11081
565,648,494,821,718,563,879,1010,1301,1340,1264,1003,1122,1211,1304,1314,1689,1103,1460,1256,1741,1699,1504,1715,2444,1888,1963,2002,1929,2110,2359,1876,3025,2060,2486,2343,2530,2436,2563,2496,2641,2663,2442,2981,2987,2617,3200,3240,3310,2898,2744,3292,3237,2590,2820,3080,3109,3219,3284,3339,4275,3428,4006,3894,3978,4070,4553,4288,4353,4521,4850,4558,4605,4524,4496,4756,5457,5542,5246,5131,4940,5724,4932,4966,4521,4687,5509,5809,6018,5503,5724,5543,5497,5464,6313,5829,6020,5891,6125,5557,6358,6029,6655,6284,6114,5729,6345,6624,6659,6634,7156,6080,6730,6492,7184,7587,5460,5590,6037,7193,7007,7282,7065,7945,7994,7659,6903,7733,7838,7368,8546,7843,7570,7677,7834,8177,8039,8383,8483,8487,8052,8138,8848,9117,8436,8481,9067,7931,8897,8659,9387,7773,8737,9234,9208,8869,9107,8903,9675,9314,9094,9382,9645,9121,9736,9966,8846,8986,8394,9333,9810,8970,9715,10938,9811,10896,9910,9436,10607,11040,8881,11711,9335,36060,10198,10252,10495,10614,10466,10786,10700
669,1203,893,735,717,744,1066,825,794,1200,1012,1047,1383,1112,1178,1290,1681,1321,1568,1438,2039,1496,1539,1641,2142,1750,1985,1883,2094,1962,1981,2089,2791,2292,2603,2441,2376,2640,2571,2616,2553,2550,2537,2790,2720,2657,2890,3034,3267,3198,2979,3518,2887,3132,2723,3236,3038,3201,3366,3275,4018,3330,3938,4164,4080,4192,4251,4681,4101,4420,4459,4449,4710,4820,4647,4697,5306,4973,4715,4831,5229,5212,5234,5270,4789,4549,5758,5557,5014,5421,5874,5592,5599,5635,6037,6198,6375,6235,6302,5891,6013,5496,6890,6329,6252,6545,6611,6677,6701,6418,6375,6771,6892,6416,6916,7563,5438,5852,5984,7114,6787,7165,7138,8910,7339,7752,7938,7073,7526,7869,7248,7020,7868,6601,7905,8034,7018,8254,8390,8905,7588,8138,8174,8025,8887,7996,8134,9546,8458,8159,7930,8713,8897,8398,8752,8905,8046,7942,8664,9323,9627,9956,9366,9047,8747,8913,8909,9210,8969,9690,8889,9563,9754,10097,9013,9884,10686,9057,9488,10220,8777,9926,23119,10365,10050,10352,10168,9669,10466,10427,9935
664,523,497,718,719,924,903,895,977,792,1016,1183,1044,1138,1340,1658,1134,1594,1756,1581,1690,1563,1637,2272,2053,2349,1895,2134,1979,2165,2278,2116,2546,2160,2690,2248,2510,2587,2601,2591,2801,2408,2904,2692,2686,3217,3354,3199,3262,2801,3355,3385,3010,3078,3184,2937,3332,3459,3769,3636,3932,3912,4227,4018,3999,4149,4646,4040,4094,4168,4321,4084,4470,4548,4987,5319,7660,4717,4903,5595,4698,4871,5047,4834,4778,4875,5235,5740,6172,5612,5815,5684,5854,5967,5671,5930,5622,5837,6171,6004,6048,6106,6041,6688,6258,6299,6205,6001,6968,6588,6683,6729,7015,6538,7320,6497,5717,5596,5727,7223,7258,7573,7026,9270,7393,7201,7575,6713,7111,7789,7330,7370,7996,8114,8022,7849,8263,8718,7857,7829,7914,8357,8557,8466,8613,8317,8393,8298,8401,8574,9239,8963,9376,8832,9204,8370,9032,8012,8230,8952,9678,9621,8647,9494,8297,9235,8970,8775,9716,9133,10027,9383,10038,9749,10108,10642,9452,9983,10192,10286,8518,9707,12781,10254,10133,10505,10529,9876,10837,10506,9825
575,691,965,747,812,1148,1017,1050,970,919,1042,1375,1081,1053,1524,1290,1051,1401,1631,1624,1572,1987,1728,1689,2038,1867,2089,1976,2022,1782,40188,1839,2599,1981,2461,2480,2693,2917,2652,2484,2785,2539,2547,3002,2601,2740,3144,3061,3381,2804,2941,3559,3281,2973,3398,3005,3537,3119,2970,3677,4026,3230,3836,3935,4404,4078,4000,3963,4341,4489,4425,4824,4605,5283,4474,4590,5146,5028,5338,4998,4901,5417,4803,5281,4960,4839,5612,5517,5781,5996,5484,5495,5623,5632,5680,5880,5875,6002,6176,5809,6265,6060,5878,6519,6766,6311,6594,6140,6399,6494,6470,6935,6677,6971,6971,6843,5874,5874,5621,6957,6743,7837,6936,8622,7430,7454,7400,8145,7883,7455,7978,7736,7557,7698,7709,7821,8084,8617,8062,8474,8510,8104,8268,8977,8376,8725,8146,8016,8627,7665,7831,8552,8652,9114,9591,8942,9197,8783,8350,9334,9471,8542,8617,9957,9202,9885,8638,9549,9141,9519,9309,9354,9753,9776,10440,10315,9883,9189,10373,9978,8244,11094,12576,10288,10263,10433,10870,10925,9152,9715,11477
15178,551,470,1103,753,754,884,896,1093,847,958,1202,1040,1182,1419,1554,1378,1272,1422,1683,2339,1749,1631,1892,1974,1855,1957,1736,1879,2125,2340,2006,2652,1855,2436,2381,2661,2529,2956,2659,2550,3214,2502,2701,2628,3033,2901,3570,3478,2787,3266,3430,2876,2705,3205,3088,2895,3772,3515,3774,4373,3564,4469,4252,4049,4114,4208,4335,4249,4536,4683,4775,4676,4509,4710,4670,5765,5078,5101,5246,4920,4695,5136,4841,4302,4365,5538,5637,5455,5337,5917,5831,5572,5947,5836,6062,5866,6075,5699,5498,5960,6392,6240,6153,6152,6259,7419,6901,6665,6145,7177,6322,6835,6849,6939,7016,5425,5874,5736,7183,7270,7628,7383,9536,7857,7470,7713,7486,7958,7686,8126,7137,7576,7523,8128,7515,7305,7968,7744,8570,8243,8478,8286,8907,8309,9154,8606,7558,8968,8865,9012,8210,8569,8842,8441,8775,9216,8984,9348,8078,9474,8089,8798,8743,9539,9494,8354,10267,9328,9965,11493,9433,10078,9979,10312,9820,9578,9629,11247,9967,8677,9712,11561,11327,9526,10663,10733,10346,11319,9861,10069
536,738,613,763,525,1140,1099,1102,1013,869,982,881,1446,1251,1065,1396,1183,1592,1630,1442,1446,1605,1870,2041,1820,1901,1911,2210,1856,2723,2288,2388,2751,1925,2506,2388,2539,2821,2314,2174,2440,2406,2924,3152,2938,2840,2980,3015,3154,2560,11173,3463,3459,3148,3229,3878,3431,3105,3482,3447,3984,3242,3769,4190,4240,4114,4064,4248,4064,4215,4722,4318,4702,4166,5140,4851,5400,4842,4809,4947,5086,5032,5248,5239,4428,4588,5702,5575,4993,5484,6058,5770,5738,5333,5425,6447,5750,6003,5888,5624,5830,6474,6278,6140,6608,6271,6556,6577,6348,6553,6680,6831,7087,6685,6726,6845,5991,6096,5668,6988,7429,7540,7664,8805,7460,7698,7929,8012,7628,7282,7546,7702,7869,7718,8139,7789,8897,7310,8100,7412,8356,7897,8165,8781,8283,8019,8758,7923,8314,7816,8658,8391,8389,8726,8604,9141,8368,8409,9259,8408,8884,9132,8650,8763,8928,9040,9040,9338,10457,9203,9959,9979,9295,9918,9538,10242,10561,9620,10452,9687,8354,10137,11071,11014,9744,10584,10029,10635,10761,9858,10909
453,504,780,619,667,672,1167,701,939,1045,1178,1020,1019,1368,1197,1524,1546,1539,1633,1449,1651,1436,1589,2038,2260,1971,2571,1987,2049,1890,1821,10426,2881,2256,2445,2745,2020,2598,2443,2377,2628,2611,2589,3358,2547,2692,2946,3187,3366,2783,3009,3763,2932,3048,2904,3000,3411,3258,3687,3613,4002,3650,4576,3831,4237,4285,4226,4199,4100,4766,4486,4362,4827,4910,4699,4380,5280,5161,5094,4691,5219,5223,5033,5523,4545,4608,5031,5512,5661,5726,5633,5763,5651,5776,6416,6082,5913,6269,5733,6120,6118,6371,6418,6758,6520,6710,6770,6612,6638,7059,6828,6515,7029,6576,7063,6787,5449,5839,5652,7038,7462,6839,7317,8510,7086,6852,7740,7690,8044,6967,7848,7698,7533,7483,7915,7397,7804,7511,8045,8149,7806,7868,8748,8044,8220,8367,8546,7453,8406,8900,9315,7989,8710,9044,9256,9104,8802,8713,8731,9279,8911,8245,10116,7903,8654,8486,8765,9109,10018,9561,8729,9028,9762,9843,9717,9933,10843,10919,8930,9465,8958,9767,10431,10427,10959,10370,10120,10419,10060,9579,10506
430,592,660,512,736,941,879,1175,1228,968,1092,1269,1217,1095,1186,1314,1305,1484,1518,1631,1758,1749,1489,1756,1707,2073,1839,2036,2075,2259,1808,1999,2849,2056,2683,2627,2398,2520,2744,2872,2368,2809,2907,2891,2894,2478,3104,3227,3094,2808,3042,3541,3136,2915,3323,3610,3779,3538,3179,3133,3670,3280,4100,4298,4012,4166,4298,4652,4559,4635,4620,4915,4843,4860,5016,5199,4904,5005,4983,4965,5014,5113,5229,5239,4407,4888,5574,5710,5418,5973,5909,6141,6066,6060,6134,5758,5222,6031,6141,5581,6082,5407,6171,7013,6126,6326,6420,6815,6446,6797,5928,6817,6703,6983,7305,6897,5563,5673,5466,6665,7078,7522,6748,8230,7421,7313,7303,8042,7993,7183,7338,7984,7079,8050,7958,7756,7879,7742,7768,8221,8201,8150,7514,7762,8730,8516,7501,8812,8523,31696,7807,8833,9017,8492,7914,9177,9141,9214,9040,8037,9624,8807,8840,8750,8240,9071,8522,10586,9680,9495,9267,9649,9809,10160,9390,10199,9059,11043,9324,9773,8777,10154,9876,9610,9826,9434,9762,10173,10840,10515,10323
590,694,637,812,878,771,1024,795,980,1030,1026,1047,1056,1258,1388,1447,1101,1261,1443,1644,2008,1602,1656,1826,2058,2242,2039,1918,2111,2164,2305,2322,2778,2071,2498,2445,2319,2572,2689,2097,2451,2435,2432,2890,2634,2909,3132,2973,3447,2935,2845,3545,2770,3062,3124,3078,3322,3623,3117,3579,3693,3406,4419,4489,4321,4148,4142,4579,4365,4579,4455,4276,4245,4517,5290,5461,5362,4995,5163,5123,4875,5186,5055,5486,4577,5012,5834,5277,5579,5459,5944,5102,5549,5560,6022,5800,5787,5977,5483,5543,6319,5846,5757,5955,7003,6115,6684,6479,6213,6463,6173,7034,6569,7065,6658,7621,5907,6349,5672,7292,6831,6603,7319,9089,7525,7648,7918,6930,7327,6811,7580,7800,7168,7081,7907,7731,7767,7873,8528,8953,7684,9048,8430,8682,8495,8777,8303,7939,9043,8278,7808,8295,9039,8834,8066,8763,8776,8051,7859,8765,10009,9281,9400,9361,8840,9357,10419,9444,8725,9426,9467,10098,10638,9029,8879,10429,10373,8950,9362,8826,8760,10132,10228,9852,10461,9886,9722,10346,10153,10378,10518
470,512,584,667,698,779,805,849,983,857,870,1149,1090,1124,1242,1219,1256,1696,1465,1412,1934,1614,1639,1936,2126,1932,2182,2138,2099,2354,2340,2063,2596,2004,2345,2452,2458,2730,2753,2673,2781,2619,2539,2618,2504,2904,3035,3368,3548,3125,2861,3372,3009,3314,3015,3104,3522,3537,3339,3589,3870,3296,4254,4007,4221,4007,4572,3924,4040,4511,4502,4839,5132,4667,4763,4582,4762,4631,4963,4800,4748,5256,5168,5415,4552,4428,5418,5344,5129,6046,5579,5761,5443,5623,5740,6117,5526,6068,15057,5721,5958,5757,6360,6239,6016,6041,6477,6573,6611,6903,6721,6786,6513,6521,6477,7092,5820,6074,5648,7181,7248,7066,6559,8325,32561,7963,7451,7480,7354,7256,8180,7197,7477,8006,7844,7638,8045,7680,8344,8513,8026,8234,8669,8626,8078,8355,8140,7767,8655,8721,8249,8496,8421,9414,8589,9141,8495,7931,8190,8348,9046,9159,9099,9738,9110,9199,8598,9293,9250,9432,9359,10392,9945,10235,9224,10288,12088,9161,10663,8828,8509,9915,10439,9705,9495,10725,9078,10766,10834,10601,11009
585,655,656,722,716,876,978,830,1039,904,874,1026,1108,1101,1588,1545,1305,1338,1396,2023,1608,1673,1731,1793,1997,1756,2062,1968,2040,2040,1909,2176,2682,2150,2615,2454,2611,2559,2657,2564,2275,2685,2697,3131,2837,2935,3351,3203,2942,2798,2945,3395,3605,2760,2815,3064,3249,3327,3359,3278,3694,3803,4048,4171,3896,4250,4412,4126,4344,4169,4381,4263,4570,4617,4752,4970,5305,4798,5437,4828,4940,5057,5104,5451,4493,5231,5499,6054,5658,5436,5754,5657,5809,5704,5995,5682,6096,6279,5855,5996,5888,6134,5931,6082,6697,5872,7127,6580,6436,6426,6708,5902,6294,6946,6617,6804,5675,5958,5539,6892,7280,7154,7225,7352,7066,7562,7852,6916,7684,6831,7789,7640,7736,7589,7971,7507,7683,8070,7491,8030,7562,8713,8119,8616,8161,8249,8186,7991,8176,7731,8974,8438,8205,8782,9107,8733,9125,9080,8208,7866,8907,9514,9479,9253,9793,8641,8299,10020,10259,9442,9522,10106,11217,10316,8876,10772,19586,9053,10458,9226,8363,10023,9279,10158,9518,9990,9132,10284,10926,10484,11058
725,1387,907,540,909,1147,899,901,990,931,1102,1254,1351,993,1308,1873,1316,1742,1739,1653,1450,1537,1720,1735,2446,1837,1935,1978,1844,2100,1920,2315,2839,2143,2270,2677,2510,2351,2419,2861,2448,2453,2610,2972,2747,2454,3042,2938,3539,3021,2873,3441,3193,2804,2862,3059,3091,3550,3155,3340,4275,3352,3741,4231,4188,4290,4145,4275,4223,4356,4420,5029,4987,4650,4512,4566,4620,4774,4975,5358,4805,4520,5248,5097,5036,4937,5423,5515,5725,5451,5358,5480,5575,5635,5902,6126,6096,6118,5758,5795,6345,5821,53400,6178,5893,6641,6621,6561,5980,6203,6281,6870,6103,6886,7132,6826,5351,6008,5575,7137,6967,7182,7304,6704,8422,7596,7848,6935,8161,7237,7358,7952,7717,8016,8495,7099,8269,8609,7848,7794,8138,7630,7550,8242,8220,8326,7829,7520,7903,8160,8133,8733,8896,9093,8449,9078,8751,8044,7837,10021,9613,7892,8792,9712,9249,9135,9703,9530,8765,9997,8888,10513,21024,9055,9661,12800,12593,9019,10950,8645,8450,9768,9209,10616,10209,9897,10343,9525,11083,9560,10564
471,902,726,714,546,771,731,788,998,930,1420,1118,1040,1306,1416,1483,1288,1480,1891,1341,1968,1897,1516,1714,2123,2276,1939,2268,2127,2300,2366,2144,2504,2028,2541,2582,2648,2294,2659,2361,2594,2649,2520,3208,2982,2537,3296,2899,3154,2643,2949,3675,2927,3178,3121,3247,3183,3289,3251,3569,3659,3546,3802,3983,4392,4178,4516,4259,4626,4749,4538,4635,5017,4759,4779,4719,4977,5352,4865,4600,4900,5160,4971,5371,4259,4860,5327,5560,5275,4987,5627,6056,5641,5610,5754,6208,5245,5979,5408,5656,6575,6148,6139,6607,6335,6675,7011,6896,6582,6121,7022,6794,7367,6494,6956,6690,5791,5923,5854,7287,6891,7546,7126,7383,7524,7340,7288,6887,8195,6605,7147,7682,7576,7219,8130,8138,7946,7461,8606,8338,7794,8257,8367,8670,8342,8698,8126,7638,8493,8031,8129,8402,8935,8717,8064,8992,8198,7930,8725,9090,9422,9433,8897,9025,8978,9611,8726,10244,8299,9853,9770,9838,18635,9059,9882,10307,12890,9702,9444,8920,8796,9753,9496,10169,10717,10273,10911,9180,10996,9723,10486
