5120,5376,5632,5888,6144,6400,6656,6912,7168,7424,7680,7936,8192,8448,8704,8960,9216,9472,9728,9984,10240,10496,10752,11008,11264,11520,11776,12032,12288,12544,12800,13056,13312,13568,13824,14080,14336,14592,14848,15104,15360,15616,15872,16128,16384,16640,16896,17152,17408,17664,17920,18176,18432,18688,18944,19200,19456,19712,19968,20224,20480,20736,20992,21248,21504,21760,22016,22272,22528,22784,23040,23296,23552,23808,24064,24320,24576,24832,25088,25344,25600,25856,26112,26368,26624,26880,27136,27392,27648,27904,28160,28416,28672,28928,29184,29440,29696,29952,30208,30464,30720,30976,31232,31488,31744,32000,32256,32512,32768,33024,33280,33536,33792,34048,34304,34560,34816,35072,35328,35584,35840,36096,36352,36608,36864,37120,37376,37632,37888,38144,38400
4779,19284,20513,18057,23120,12582,23054,25200,26581,28183,29049,28803,30891,30071,10824,11306,32505,17116,18071,21150,33725,23480,34619,38123,40272,39142,42535,43261,45473,50712,49103,45895,48226,47107,45839,46681,49031,64690,50727,59629,50061,84978,52758,55737,55752,68091,21039,22670,20754,23024,31394,49634,24098,30516,28227,27506,33555,32983,32641,36342,35001,36120,36002,37821,37440,52648,76613,73010,126324,81631,76928,80370,81028,80962,80163,82127,83355,92463,86158,88306,84930,89591,89282,103133,95377,96553,94565,105176,94909,103841,97149,98196,95555,111446,140173,108628,107087,105852,114525,107790,105273,106323,110379,107828,110797,112465,107995,120330,113556,109913,114088,91794,45676,48493,47369,50515,50581,52673,56972,60290,57126,64326,64374,63936,62955,65015,70763,71752,67455,72948,71097
4519,4442,4904,5041,5615,6039,5162,5868,5867,6547,6492,6641,7081,6719,7925,7045,8007,8513,8382,8684,8525,8641,19510,9610,10922,9943,9846,10554,11160,11155,10634,10589,11121,12511,11869,12595,11932,25227,12855,14138,11218,12815,22737,13578,13632,15365,13923,17935,13772,17069,21138,31200,13723,15834,15715,14804,16312,21835,21256,18615,16824,18231,17319,22237,23365,25813,19072,23244,47870,22502,21934,27184,22610,23854,22615,21071,24839,24941,20431,25911,20797,28218,23663,22236,23406,20603,21707,27325,21443,23105,23316,27227,24834,28018,65130,27721,30172,33863,28065,34710,32328,30858,31636,32962,30097,38746,30744,35670,39254,31299,31925,57417,47675,36114,34471,35389,34448,35365,37898,37433,37289,39689,38563,38466,36963,36645,38387,39549,39337,42271,37562
4421,4797,4889,4962,5371,5893,5108,5674,5837,6873,6340,6173,7049,6606,7823,6920,7558,8062,8087,8185,8504,8339,17489,9578,10191,9568,9652,9835,10314,10981,10383,10180,11644,11960,11096,12392,11695,27323,12538,13558,11142,12355,13181,12368,12827,14457,13242,16807,13118,25010,21134,31184,13311,15123,15378,14790,15552,22128,18926,18641,16445,15782,16940,20371,20519,24377,18142,21290,37173,20721,21296,24895,20240,21450,21065,19310,20735,23596,19836,24320,21067,25902,22334,21685,21969,20683,21400,24167,21331,22722,22465,23728,23404,26454,67296,24509,28182,30793,27379,32415,31589,27434,30796,29350,27230,36197,28625,36437,38550,28543,28526,49788,41089,33757,34387,33290,32873,32613,36782,35628,36086,36993,37974,36466,39269,35229,36214,39481,36546,39404,36070
4136,4387,4552,4717,4862,5251,4935,5695,5722,6560,6120,5986,6501,6317,7479,6163,7097,7693,7402,7786,8076,7897,18883,8837,9950,8885,9334,9319,10288,10292,9790,9522,11075,11478,10646,11711,11013,24260,11945,13152,10340,11738,12733,12804,12759,12904,13754,15994,12447,14956,16179,16437,12992,14572,14414,14070,15027,19949,18009,18102,15910,15096,16440,18887,20195,23676,17273,20097,39322,19934,20390,24379,18859,21622,21666,18314,19091,20221,19989,23449,19993,24952,22082,21625,19993,20590,21008,24373,21334,22485,21844,23535,22410,25340,68301,24243,26824,28743,28270,31391,27733,26573,30674,28246,25273,33881,29116,35441,29644,27703,28021,58882,25582,32525,33634,32724,31852,32299,35110,34088,34889,35587,36230,35355,39156,33907,35246,38618,35098,37789,35788
15034,4344,4494,4744,4799,5111,4659,5413,5717,6462,6066,5636,6615,6182,7573,6419,7367,7696,7615,7953,8140,8018,18152,8845,9614,9202,9315,9508,9838,10482,10188,9673,11204,11020,10947,11896,11170,53442,11856,13350,10595,12110,13295,12518,12564,22046,13471,14865,12722,15889,15900,16183,13251,14709,14707,14232,15091,19124,17404,17963,16449,15607,17046,18683,18809,23354,17192,19096,44225,19670,20788,23304,18870,20320,21263,18459,19808,19319,20370,23050,20786,23988,21948,22425,20604,21239,21820,23741,21721,22773,21927,23235,22773,25309,64039,23529,26351,28303,27589,29300,27919,26463,29256,28102,25663,32471,28823,30908,26782,26624,26853,52179,25257,30316,31927,32189,30542,31575,35006,33446,32681,32826,33256,32925,37358,32640,34585,36693,33816,36477,34180
4186,4139,4646,4464,4761,5395,4830,5653,5450,6202,6037,5860,6530,6076,7156,5906,7063,7466,7279,7596,8183,7814,18894,8627,9677,9033,8772,9086,10124,9991,10233,9568,10864,11562,10223,12007,11314,34153,11977,13677,10302,12117,12540,12808,12901,12637,13416,14526,12808,14707,15638,13361,13247,14948,14969,14525,15249,17595,16906,17556,16171,15420,16582,18254,18283,24412,16748,18579,22807,18556,18825,21878,17939,19971,18955,18028,19758,20067,19943,21264,20715,22406,20199,21586,19830,21735,21247,22995,21631,22499,21161,21871,21714,24635,60546,23100,27130,27050,25238,28562,27063,25689,27598,26195,24521,30200,26472,29349,28002,27006,26445,50674,27895,31055,30956,31813,30567,31312,33583,33016,37946,31764,32582,32957,49025,31981,34237,35308,33441,35673,33709
4164,4431,4221,4604,4730,5161,4656,5516,5501,6275,5986,5909,6286,5801,7656,6312,7244,7773,7361,7510,8243,7820,18004,8623,10446,8986,9119,9252,9995,10365,9970,9313,11431,11884,10897,12342,11074,23799,11972,13113,11547,12538,12797,17919,12632,12076,13572,14491,12727,15712,15524,13443,13413,15216,15140,14785,15626,19684,15990,18912,16580,15478,16954,17792,17904,18489,17796,18906,22632,19252,19368,20792,18538,19534,19577,18248,19819,19903,20305,21758,21214,21796,20863,22503,20404,22852,21938,23222,22582,23645,21888,23106,21994,24500,59762,23058,28378,26732,26292,28671,27817,26073,27725,27372,24818,30423,26985,29337,26303,27152,26365,48587,26466,30223,31092,30494,28962,30200,33402,31865,30858,30544,32475,31358,38030,30744,33312,37033,31605,35518,32400
4240,3953,4331,4568,4928,5294,4755,5429,5437,6231,6096,5675,6485,6032,7469,6247,7121,7348,7473,7747,8010,7614,17119,8919,8908,8922,9039,9609,10319,11034,10147,10178,11527,11511,11160,12247,11573,22929,12213,13002,10933,12548,20351,13259,13062,11511,13890,13852,12975,15230,15303,14134,13736,14853,14410,14614,15003,18681,15792,19786,15977,15250,16555,17297,17373,20731,16583,17805,31170,18078,18350,20574,17737,18969,18612,18356,19132,20317,19876,20819,19725,20918,20413,21334,19162,21667,20923,23206,22252,23357,21078,22283,21007,24437,59977,22262,26347,23963,25550,26977,24914,24634,26554,24769,23964,30054,26100,27927,27932,25962,26425,33864,27936,29661,31216,30871,30035,30182,46629,32814,30396,30848,33536,31230,39140,30634,32732,35923,32308,33821,33183
4201,4048,4155,4536,4650,4924,4603,5401,5361,6168,5674,5561,6071,6002,7585,6150,7032,7621,7529,8003,8316,7982,18982,8989,9364,9440,9220,9467,10024,11196,9968,9795,11597,11472,10703,11940,11290,24175,12332,13267,11149,12584,11291,12054,12561,12432,13009,13408,12756,16540,15076,14275,13588,15410,15151,15126,14970,18765,15405,19136,16382,15960,16923,17499,17321,21381,17153,18125,19844,18405,18962,20076,18223,18869,30806,18908,19868,20343,20346,20769,20465,22142,19852,22371,19675,22028,22046,23805,23057,24246,22242,22360,22028,24381,56073,22298,26327,23954,34674,26853,25663,24978,28156,26078,25242,29661,26305,28516,27027,27531,27063,43929,27791,29796,30514,30339,28226,30569,42689,32167,28472,29932,32159,30386,26712,30489,33355,34580,31854,33738,32762
4221,4050,4188,4402,4670,5130,4684,5566,5578,6233,5917,5546,6454,6125,7395,5969,7327,7499,7139,7584,8195,7658,17420,8602,8750,9012,9139,9225,10258,10009,9740,9525,10344,11081,10799,11555,11317,24357,11600,12747,11127,12105,10905,12632,12837,12908,13479,13135,12525,16094,14730,14034,13190,14855,14204,14531,14568,18512,15326,20830,15354,15692,16149,17612,16441,20262,16344,17441,18101,18074,17824,19342,17482,18183,19812,17421,19338,19913,19499,20435,20097,20959,19662,22295,19310,21004,21530,24302,22205,23252,21589,21535,21385,23493,55661,21676,26490,23563,25600,26713,24581,25289,25546,25027,23855,28996,25311,36375,27882,26679,27545,31245,29050,28896,30816,29810,30324,30239,39658,32506,29344,31278,32652,31239,27782,30278,32044,35545,31297,34539,32727
4203,4033,4008,4482,4731,4999,4610,5563,5284,6567,6046,5538,6315,6088,7251,6434,7340,7759,7494,7861,8150,7852,17515,8753,9254,9217,9379,9444,10043,10894,9688,9422,11295,11571,10216,11703,11052,22685,11835,13037,11080,12550,11439,12345,12611,13161,13150,13618,13264,14492,15536,14256,13951,14793,15247,15090,15105,16687,15283,18329,15838,16561,17171,17851,17145,30039,16783,17428,19341,18410,18555,20113,18408,18916,35898,18947,19539,20575,20095,21069,21832,21753,20431,23434,20312,23161,21711,25855,24160,24012,22217,22888,21980,24060,51380,22784,27309,23495,25499,26722,26879,25888,26839,25845,25689,28805,27002,26731,27966,26001,26537,30678,28500,28606,30433,28729,27910,28885,31772,32253,28071,29143,31567,29846,27200,30146,33385,34099,32600,33599,30911
4296,3908,4114,4243,4637,4834,4675,5252,5593,6395,5975,5424,6321,5943,7270,6124,7235,7439,7585,7849,8625,7952,18363,8665,8823,8970,8960,9222,9607,10120,10086,10066,11008,10938,10072,12140,11142,25552,11539,12837,11159,12069,10970,12389,12298,12731,13404,12270,12702,14230,14814,13902,13197,14590,14283,15069,15122,17761,15638,18635,15478,15748,16079,17226,16778,19011,16338,16943,18672,18026,17890,19098,17522,18021,17221,18285,18507,20150,19532,19608,20308,19704,20772,23135,19670,21564,21424,24370,23191,23266,21024,21655,21094,24463,52692,21916,25690,23825,23794,27190,24768,24203,26361,25637,23659,28178,25515,26693,28002,27043,26978,31239,27225,29284,31131,29396,29595,30778,32836,33197,28404,29636,31278,30506,31689,31058,33666,38176,32321,34378,32670
4133,4030,4143,4601,4803,5400,4392,5633,5094,6199,5852,5491,6415,6176,7395,6319,7130,7399,7264,7555,8034,8343,17955,9033,9017,9020,8924,9628,10399,10511,9810,9234,11018,11260,10489,11857,11387,23730,12100,13543,11106,12678,11480,12584,12243,13119,13341,13674,13216,15033,14772,14764,13909,15572,14754,14746,15831,17965,15579,18345,16161,15811,16865,18019,17313,20335,17328,16949,19358,19315,18364,27634,18445,18912,17693,18684,19770,22090,20909,19928,21566,21115,21647,23667,21416,23156,22334,25511,23831,25350,22134,23840,21993,23833,51565,22706,27189,23327,24581,26494,25360,25160,27103,26275,25597,30280,26385,26279,28119,27027,26586,29928,26148,27140,30808,27723,27336,29159,33289,29465,27774,29181,30573,28733,33377,29188,31770,36336,28655,32576,30504
4028,4017,4508,4278,4302,5371,4930,5582,5695,6306,5898,5709,6437,5993,7235,6079,7053,7250,7381,7734,8103,7366,18915,8590,8681,8560,8584,8985,9501,10036,10143,9699,10996,11601,9991,11955,10595,24408,11514,12953,28206,12188,11415,12578,13096,12546,12909,12840,12955,15646,14171,14194,13726,14357,14336,14938,14390,18800,15389,18053,27031,15716,17199,17218,16568,22313,16612,17822,19523,18894,17570,18018,17844,17847,16451,18371,18566,21049,20614,19845,19710,19195,19647,23113,20205,22188,21609,25293,22845,23937,20740,21868,22410,23744,54221,21911,25050,22687,23582,25405,24335,22678,26297,25584,23232,26972,24732,25192,28303,26890,26625,30780,27767,28919,31776,28303,28304,29655,31773,31208,27901,29583,31537,30048,28251,45344,32465,33674,31837,34205,31647
4088,4365,4489,4691,4843,5025,4510,5117,5452,5857,5955,5731,6022,6026,7123,6570,7280,7676,7545,7676,8240,7600,16659,8748,9074,9313,9139,9424,10671,10337,10798,9908,10624,10845,10596,11826,11410,25503,11840,13209,14905,12626,11608,12007,11920,13350,12921,12972,13651,15457,15213,15074,13807,15426,14993,14806,15597,16685,14416,18377,18420,16013,17548,17458,16466,22535,16905,17929,19329,18474,18124,18333,18157,18221,18419,18418,19389,21720,20970,20795,21386,20603,21811,22851,20501,21752,22381,24319,50267,23884,21791,22788,21559,23358,50971,22622,25823,23204,24226,25566,25214,24466,26618,27168,24923,28680,26022,26303,28364,25717,27121,29984,26021,27205,30116,26513,27653,28962,31271,30316,27249,28362,30357,29686,25976,34549,31616,30098,30484,32330,30047
3888,4037,4010,4664,4852,5085,4828,5674,5731,6429,6021,5332,6375,6097,7565,6409,6881,7338,7378,7517,7918,7526,16333,8203,8862,8539,9070,9157,9480,9873,9919,9544,10356,11060,9640,11913,10311,23844,11745,12613,14778,12708,11578,12430,12961,13276,13229,14156,13838,14233,14561,14610,14055,17171,14711,15033,15363,18196,14770,18242,18442,16600,16475,18042,16682,25884,16764,17750,19898,17968,18201,17940,17952,19392,17030,18073,18497,21244,20896,19431,21115,19857,20546,22976,20341,21406,21877,25887,29068,23516,21264,21402,22481,23373,48454,23224,27508,23570,23893,27371,23423,24694,26477,25210,24603,26933,26657,26235,28940,26759,25766,29607,26439,27137,30497,28148,29029,29301,32764,30645,28698,29126,31192,30438,26322,39911,32576,31338,30952,32347,30708
3934,4379,4320,4379,4578,5169,4954,5690,5440,6056,5649,5644,6143,5573,7215,6238,7386,7514,7111,7793,8060,7674,17108,8941,8969,8895,9143,9338,10175,10917,10185,9522,10885,10818,10544,11221,11316,17154,11830,13074,22639,12412,11890,12102,12326,12947,12514,14420,12763,15451,14859,14892,13668,15479,14249,15149,15519,17474,15428,17550,18316,15650,15834,18673,16766,48087,17554,17888,19509,18591,18646,18749,18777,18813,17848,18607,19307,21628,20963,20244,20060,20580,22137,22967,20052,21869,21363,26577,18961,25154,21914,22080,22950,23684,49990,22851,25502,24293,24410,26489,25392,24916,26962,25735,25056,26132,25338,25764,26399,24910,26723,29729,25398,27745,29587,28105,28588,29401,32207,30419,28562,28190,30531,29385,26469,26808,32457,31066,29290,33607,30795
12916,4005,4233,4514,4795,4828,4417,5171,5317,6485,5791,5638,6033,6054,7151,6329,6906,7199,7329,7632,7625,7619,16630,8496,8499,8475,8831,9251,9888,9767,10465,9467,10429,10819,9970,11993,10587,11051,11385,12971,14519,12182,12254,12722,13452,12868,14130,13659,13849,14376,15251,14641,14456,15623,14135,14490,15723,17728,14415,18438,17602,16207,17029,17827,16385,29010,16346,17382,18568,19166,17808,17207,17499,17939,16958,18323,18563,21124,20304,19381,20593,19907,21591,22667,20265,22400,21494,26263,19046,25076,21585,21759,21546,23794,49663,23494,26569,23945,23218,25310,24704,23928,26510,26945,23559,25788,25859,24848,27850,26691,26476,29923,25064,26374,29038,26377,27537,28023,33356,29386,29527,29066,28964,27568,26939,27543,31520,31350,29724,30426,28613
3782,4237,4412,4546,4413,5459,4714,5381,5296,5985,5966,5451,6278,6051,6895,6920,7265,7410,7407,7692,7845,8062,16969,8634,8943,8632,9108,8965,9661,9906,10391,9713,11545,11082,9955,11664,10510,11176,12227,12941,13804,13280,12211,11760,13292,13026,13014,13357,13953,16786,14220,14830,14441,14989,14805,14742,15329,17859,15491,18091,24797,15998,16541,17090,16294,51844,16936,17713,18903,18622,17882,17090,18437,17832,17433,18240,19426,20560,20104,19917,20900,20179,21369,22658,20687,21304,21435,25394,19393,26788,21220,21415,22144,22639,51461,22174,26225,23289,24069,24483,24552,24293,26214,24761,23517,25322,24311,27031,27023,26324,26135,27934,24609,26770,29101,26332,27156,28867,36057,30062,28400,27796,28690,28364,27095,27997,30242,32665,28840,30522,29185
3816,3971,4199,4385,4608,5119,4595,5290,5245,5592,5797,5681,6134,6544,7067,6241,6902,7161,7076,7175,7339,7497,17720,8321,8719,8441,8909,8924,10007,10182,9776,9734,10063,10178,10686,10945,10629,23482,10425,12240,11495,12407,11853,12274,12932,12638,14080,14028,12918,14375,15002,15494,13625,15984,14574,15797,15418,16964,15129,17755,15636,16373,16315,17191,16569,33084,16716,16256,19998,19151,18019,16620,18327,19419,17475,19508,17850,20750,19249,19861,19040,20412,20560,22838,20342,21046,20473,25051,18738,23405,21150,21846,21757,24138,50883,21945,24439,22202,24712,24212,24091,23270,24736,25014,23051,24939,24075,25659,25486,24476,25241,28722,25290,26253,29879,26283,27268,28303,39761,28606,28664,27732,29496,28492,26883,28518,31195,33747,29175,33043,29341
3798,4140,4287,4387,4854,4958,4599,5306,5261,6049,5703,5424,6177,6733,7206,6197,6826,7149,7143,7299,7585,7380,20916,8135,8772,8817,9116,9017,10039,10241,10322,9524,10943,11598,9930,10975,10727,13176,12378,13304,10908,12703,12472,11684,12004,13264,12955,12843,13786,14208,15666,14969,14112,15170,15147,14854,15076,16783,15841,16566,15064,16175,16488,18082,17374,25230,16982,16804,19384,19006,17484,17237,17990,20554,17627,18945,21802,20323,19932,18770,32680,33730,20925,22448,19642,20836,20378,25313,19176,22753,21192,21194,22041,23189,49529,21439,25112,23493,24603,22789,23588,24415,24795,24789,23838,25332,23970,26651,26926,24846,25749,27947,24415,25242,29583,25411,26420,29260,37929,29519,27728,26803,28880,28439,26840,27077,30791,34134,28398,30653,28492
3629,3889,4588,4459,4570,5104,4739,5281,5578,6032,5957,5669,5712,6125,6954,6475,7282,6754,7313,7356,7545,7770,17527,8657,8545,8593,9195,9451,9135,9708,9581,9536,10216,10422,9815,10623,10464,21363,10863,12696,11861,12303,12298,11962,13426,12793,12990,13285,14141,15585,14842,15509,14720,15604,14670,15419,16077,17836,15255,18429,15369,16497,16047,18528,16154,22967,16336,17007,19058,18988,18114,16307,17238,21036,16630,18154,21008,20321,18932,20218,21414,22843,20008,21956,20101,20176,20200,24594,20932,22509,20285,21165,20438,22245,53154,21212,24031,22272,23674,22504,23029,28313,22865,23749,22414,24410,23984,26743,24863,25494,24686,28333,25327,26101,27843,25548,26199,28915,37011,29652,29052,26533,30131,28186,28139,27148,30712,37538,28458,30787,28762
3845,4221,9451,4649,4682,4942,4612,5480,4930,6047,5758,5208,5737,7034,7356,6422,6904,7149,7355,7652,7575,7627,17767,8331,8397,8473,9055,9437,10026,10002,10076,9180,10703,10758,10277,11063,11398,19811,12147,13191,11415,13046,12530,11566,12738,14287,13288,14093,13658,15109,15187,16057,15465,15559,15729,15512,15040,17172,15271,18182,16788,15886,16603,18945,16831,23424,16744,16682,18739,18513,17303,16996,18815,19703,17056,18781,21233,20147,19434,19034,21553,22556,20494,22611,19535,20009,20679,24672,24818,23415,20818,20654,21468,23157,50149,22235,25030,23354,24019,22337,23742,27938,22580,26094,23258,24454,23331,28541,25139,24566,25190,49537,24251,24369,26280,24670,25195,26594,51468,27964,28538,25143,27592,26909,27021,26124,28939,35450,26833,30054,28190
4016,4008,4667,4217,4277,4893,4742,5233,5328,5645,5895,5710,6096,6924,6765,6172,7298,7013,7828,7393,7570,7820,17774,8439,9385,8921,8850,9297,10132,10639,10730,9449,10023,11096,10129,10219,10746,9285,10996,12906,11530,12691,12330,11426,12874,13444,12750,12661,13248,14325,15149,15536,14168,14797,14766,14095,14804,15063,15050,17894,15921,15331,16571,17551,15523,22558,15995,15732,17940,17683,16794,16279,17243,19995,16644,17795,20235,20021,18970,18686,21358,22308,20252,21063,19056,19560,19477,25129,23300,21975,19658,20324,20747,22551,60050,20688,23331,23150,23724,21238,22976,24605,22810,23305,22315,23416,22595,26914,22939,24478,24154,28696,24139,25028,25984,24803,27175,27592,35511,27755,27327,26998,29465,27379,27854,27566,29848,34133,27000,29973,27514
3679,4246,4525,4582,4854,5352,4849,5042,5305,6196,5655,5887,5821,16960,7001,6745,7044,7009,7139,7146,7711,7417,17191,8577,8568,8671,8648,9045,10537,10151,10756,10067,11560,10479,10371,10319,11096,9356,11876,13662,11536,12908,12200,12025,13120,13482,12941,14636,13497,15654,14177,15894,15695,15413,15791,14558,15681,16815,16667,17729,17397,16730,17187,19219,16335,44571,16336,17606,18582,18824,17564,16505,17827,21159,17132,18573,19078,20613,18355,19098,22163,29285,21228,21427,19822,19947,20602,24537,22891,22626,22200,21146,32234,23674,26635,21347,23858,22973,24533,22450,23394,25368,22944,23268,22744,23710,22841,26915,22760,23872,24770,26447,23099,24249,26023,24806,25162,27365,30190,28579,26975,27171,28926,26488,27895,25892,28726,33490,27280,29422,27932
3679,3886,4052,4207,4799,5065,4610,5454,5320,6000,5981,5610,6106,7364,6280,6187,6706,6858,7062,7483,7542,7644,15908,7996,8519,8499,8908,9213,9785,9904,10312,9885,10930,11569,10680,10544,10470,8996,11757,13316,11407,12360,12034,11606,13359,13084,13325,14020,13508,14544,14889,15641,15175,15464,14787,14733,16159,16611,16007,17604,15504,15603,15413,16895,15961,25605,16284,15939,18134,19130,17270,16606,17756,19314,17649,17592,16612,20076,18568,18412,21404,19261,20207,20754,20284,19344,20889,23676,23907,22252,21336,21938,20387,22530,32207,21063,22611,38340,25203,21833,22276,23468,22015,23012,22073,22783,22139,27931,22843,23950,23733,26640,23363,25712,26496,24992,25671,28153,28565,28003,27105,27582,28290,26342,28618,26679,28978,33679,26982,29009,27388
3845,4256,4097,4404,4393,4685,4656,5300,5103,6015,5720,5550,5763,7024,6470,6585,7259,7182,7705,7441,7573,7770,18342,8380,8867,8609,8779,9219,9815,9344,10756,9547,12370,11383,10493,9931,10678,9311,12017,13105,11206,13547,12063,11800,12408,13019,13026,14045,14752,15196,13841,15411,14812,16111,14534,14653,14752,16635,15415,17550,16032,16766,16387,17731,16590,26389,16870,17518,18889,20817,17997,17317,18837,19952,17959,17823,17351,19954,19355,19158,20857,19444,19974,21020,19443,19661,26711,23281,23834,21670,21438,21054,20551,23704,21263,21521,23662,21585,24905,22997,23217,23867,23477,23190,22211,24087,22974,27833,23337,23442,24440,26084,23068,25241,27072,24191,25716,27653,28896,32218,26889,26499,29387,25904,31287,25340,28344,33899,26646,28728,27282
3824,4115,4068,4197,4921,5223,4327,4839,5449,5346,5687,5308,5904,6757,6932,6646,6861,7287,7923,7497,7377,7413,16484,8165,8415,8389,8702,8462,9850,9648,10044,9923,12937,11442,9732,11199,11520,9018,11421,12289,10884,13113,12304,11737,12713,12591,12401,12317,13358,14391,14259,15412,13187,14592,14612,14109,14617,15976,15244,17250,15076,15171,15949,16750,16226,25555,15730,17236,18525,20137,16686,16182,17599,19596,16867,17937,16614,19107,17696,18468,20885,19827,19726,20044,19408,18616,21894,22967,23218,20892,20570,20949,20586,22847,21150,22068,22526,20491,24303,23650,22936,23559,25100,23175,22812,22558,22496,26998,22101,23140,23958,26458,32935,25206,26050,24088,25585,27857,29261,29435,26603,26344,29628,26776,29508,26594,28997,33850,26874,32075,27330
3540,3944,4033,4308,4205,5061,4741,5130,4904,5248,5404,5492,5855,6445,6463,6690,6970,7348,8296,7479,8017,7469,18023,8353,8565,8285,9351,8480,9922,9224,10450,9772,12310,10633,10404,10959,10716,9058,11801,13385,11383,12205,11699,11989,11354,13537,13955,13768,14997,15169,14793,16721,14723,15409,14909,14808,15428,17187,15435,17164,14896,16272,16041,17912,17336,24480,16823,17275,18744,21229,16506,17862,18492,19346,17848,16923,16611,19889,18327,18652,20710,19847,19517,19819,18788,27360,22548,23134,23176,21501,20913,20937,21208,24208,23428,22726,21588,20958,24271,23359,22513,23580,24847,22495,22802,23058,22946,28008,22809,23209,24242,26154,24327,25082,25867,24702,25004,27594,28913,28798,26225,25767,27500,25631,56755,26078,28031,33056,26152,31718,27232
3636,4150,4224,4482,4884,4732,4759,5577,5643,6533,5772,5387,6091,6432,6390,6186,6212,6887,7936,7792,7496,7996,17496,8456,8171,8283,9115,9278,9509,8944,10742,9440,11515,11112,19687,10384,10997,9772,10913,13343,11168,12463,11526,12269,12825,11862,13159,13120,14610,14384,14793,16026,13728,16428,14492,14079,15152,15147,14820,17420,14878,15108,15549,16760,16417,28028,16236,16844,18862,18602,16118,17201,17496,18337,17618,17479,16230,18356,17599,18813,20976,18692,18973,20203,18068,18494,22594,22807,19679,20896,20579,21176,19906,23377,22658,20849,21314,20116,24390,22347,21466,23734,23204,21942,26951,22500,22205,27954,22363,24088,24221,27113,24688,24623,25517,24259,25216,27659,29122,29185,26432,25593,28087,26334,35469,26526,29083,31695,27394,31195,26812
3729,3955,4008,4174,4904,4691,4421,4923,5319,5898,5777,5416,6210,5991,6981,6389,6739,7430,7789,7736,7248,7470,17460,8050,8619,8967,8534,9233,10624,9795,10472,10276,9978,11009,9928,11413,10668,9765,12344,12604,11603,12356,12492,11468,11637,12454,12050,12489,13757,14023,14807,15802,13321,16467,13787,14370,13938,15133,14528,16415,14599,14578,15063,17469,16203,29606,15526,16098,18117,19324,16197,16782,17725,18720,17492,17453,16420,18574,17597,17842,21492,18894,18604,19667,18569,18764,20761,23452,18556,20703,20657,20639,20425,22016,24448,21944,20297,20435,24016,22275,21525,23872,22998,22821,24853,23056,23081,26570,22005,23026,24405,27182,24389,29127,25633,24313,24351,26186,31183,29649,26456,25325,27568,26069,24624,25678,34449,29627,26639,35344,27131
3590,4140,4544,4339,4274,5324,4873,5374,5150,6274,5747,5726,6091,6258,6398,6120,6657,6730,7497,7009,7315,7308,19256,7906,8367,8300,8638,8620,9316,9214,10940,9540,9386,10466,9715,10376,10444,9583,10449,12744,10941,12436,11510,12784,13118,12181,11691,12596,11915,14270,14205,16239,13591,17111,13690,14208,14594,15037,14067,16971,14415,14460,14870,16609,24555,30700,15272,16303,17581,17727,16019,16392,16958,19057,17316,17227,16338,18246,17064,17715,20441,18381,18282,19630,17764,18981,18014,22113,18359,20526,19763,20959,19936,22703,23741,20778,20534,19857,24504,21549,21157,25266,21804,21851,24265,21921,23314,25440,21927,23387,22700,29315,24618,26521,26064,24904,24905,27602,29902,29168,25799,25386,34438,25882,24934,27020,26008,30752,27222,26502,27081
3813,3883,4136,4141,4694,4811,4366,5285,5094,5236,5314,5134,6027,6223,6417,6443,6886,6760,7716,7526,7895,8051,16518,8684,8939,9179,9207,9009,11123,9757,11443,10141,10411,11739,9655,11877,11560,9632,12325,13928,11527,13518,12019,12692,12736,11657,12275,13311,12863,13689,14162,16055,13574,16531,13442,14060,14535,15763,15075,16665,14264,14160,14793,16153,16282,29666,15521,16294,18625,18285,16578,17143,17777,18517,17895,17382,16645,18360,17000,18186,20277,19031,18900,20361,19085,18987,18584,23256,18490,20465,20873,21027,20455,23215,23028,22017,21056,20602,26887,22525,22197,27479,23005,24596,25496,22944,23884,26772,22073,22888,23653,31791,24388,26618,25270,23681,23883,25472,30953,34952,25485,25157,24966,25068,25050,25444,24557,30274,25627,25932,25733
3892,4136,4289,4650,4261,4981,5022,5322,5376,6070,5903,5707,5979,6543,6706,6816,7745,7835,7750,7478,7903,8298,17466,8870,9255,8667,9564,9235,10091,10715,11378,9938,10258,11764,9138,11114,11257,10048,11620,12702,11515,12390,12563,12386,12879,11153,12495,12244,12801,14997,13883,15581,12994,16452,13481,13489,14386,15884,14631,16899,14601,15331,15104,17243,16105,27465,15048,16340,18401,17669,15872,17480,17383,19171,17070,16829,16221,18271,19685,17829,19579,18878,17778,19542,18643,19194,17592,22145,18121,21011,20334,20760,19791,22250,28858,20648,19913,20410,25180,22078,21289,26855,22140,22400,24933,22155,23322,26614,21997,23405,22931,34364,25094,26021,25706,24576,24255,33988,32163,26247,25974,25182,26556,26353,25512,26815,26076,30431,26151,26446,27096
3607,4030,4008,4030,4732,4890,4563,5442,5110,5933,5747,5909,5472,6375,6635,7103,7302,6577,7619,7400,7380,7653,18061,8482,8456,8485,8920,8836,9662,9071,10909,9818,10083,11129,9814,11293,11247,9619,11723,12659,11822,12073,11533,12262,11890,12416,12173,12616,12833,14893,15003,15840,12700,16744,14355,13152,13652,16524,13947,14657,14540,15017,15044,16709,15968,31268,15844,15814,17628,17384,16153,17033,16547,17521,18460,16709,17146,18403,22563,17941,20256,18375,18411,19864,19116,19069,18616,22281,18748,20473,20102,20370,20273,22292,19631,21972,20926,20469,24164,22116,48052,22302,21989,22605,25065,22357,23730,26829,22122,22369,23375,31819,23959,25885,25853,23869,24105,23429,31157,27088,24746,25320,25667,24881,25209,26153,25919,29740,25898,26442,26668
3944,4353,4060,4568,4675,4861,4594,5106,4807,5654,5461,5427,5769,6059,6751,6786,7025,7105,7794,7743,7638,7586,18339,8470,8153,8102,8382,9232,9177,9594,10236,9644,10013,10542,9775,9997,10977,9515,10613,13593,11048,10741,11260,12159,11898,12178,12042,12258,12862,15507,13529,15671,13147,15126,14019,14505,14671,16021,14867,15257,14485,14639,15693,16726,16830,30959,15324,16147,18076,17622,15830,16476,16888,18686,16665,16655,16696,17827,20731,17707,21541,18035,17669,19715,18235,18794,17880,22420,18523,20072,20235,20202,20325,21770,19327,21222,19850,20760,22978,21550,29570,22033,21834,21814,25502,21813,22630,25457,21630,22843,23385,31492,24465,27381,25963,23801,24646,36764,33449,27156,25146,25144,25771,25667,26417,26219,25776,30945,26665,26293,26813
3778,3908,4053,4599,4266,11606,4881,5347,5306,6059,6066,5737,6467,5717,6520,6456,6791,6856,7609,7372,7334,7844,16928,7783,8015,8693,8976,8929,9793,9541,10129,10030,10365,10514,9345,10767,10964,9617,11163,12726,11389,11700,11720,12272,12459,11619,12151,12744,12381,17469,14597,15421,13416,13333,13325,13893,13532,14930,14445,14747,13826,14722,13925,16081,15607,33443,15356,15990,18063,17096,15696,17084,16509,18145,17410,16369,16510,18207,19671,17164,21288,18015,17662,19068,18519,19188,18478,22385,19226,20742,20566,21256,20548,21929,28897,20822,20998,21428,23080,22531,20269,21977,22679,22018,24961,22361,23840,26419,22150,22303,24027,31091,24383,25522,25334,23817,23935,24025,30768,25943,24255,24565,25994,25274,25699,26040,25563,29548,26297,25910,26017
3795,4085,4147,4018,4372,5473,4865,5008,4642,5560,5757,5454,5900,6262,6601,6460,7212,7093,7216,7635,7483,8318,17369,8088,8731,8855,9427,8951,10415,9245,10976,10505,9461,11498,9628,11128,10677,10272,11693,13036,11252,11632,12202,12757,12007,11465,12164,12002,11431,17986,12518,13849,12623,13958,13090,13194,12962,14174,14295,14765,13093,13637,13946,15866,16215,33648,15174,15040,16870,17203,15532,15979,16836,18280,16981,16895,17020,17268,21028,17588,20563,18111,17687,18925,18505,18730,18439,22018,18371,20210,19165,20484,21191,21492,20321,20966,20156,21501,29148,21382,19763,21079,22695,21013,25466,21770,22996,25191,21654,23406,22302,30588,24373,26165,25391,24529,24494,23765,29243,26311,25083,24493,26605,25808,25736,26097,26794,30070,26300,26452,27070
3958,3796,3922,4597,4617,5406,4833,5415,5299,6213,5958,5664,5780,6794,5772,6623,6937,6931,7628,7320,7757,7620,16488,8330,8334,8283,8830,8522,9954,9218,10285,9640,9744,10777,9421,10714,10751,11347,10717,13033,11752,11213,11456,11756,11014,11626,11623,11452,11762,17001,13165,15287,12429,13881,12807,13033,13171,15310,14164,14463,13740,14054,14264,16227,16264,37813,15815,15953,18618,17120,16041,16301,17289,17855,17189,17582,17199,18476,17952,17007,20348,18535,18463,19400,18999,19315,18061,29410,18773,20074,19650,32001,21152,30851,21276,21033,19884,21385,20316,22105,20999,21829,22272,21875,25957,21663,23119,25230,22199,22558,22993,31803,24807,25399,24754,23714,23692,24144,29911,26957,24724,24466,26392,24881,26815,25843,25423,30231,26199,25436,25899
3863,4128,4237,3949,4609,4752,4470,4975,5261,6046,5774,5928,5795,7037,6651,6820,6352,6933,7578,7159,7937,8102,18307,8083,8049,8848,8726,9043,9209,8678,9723,9367,9753,10278,9568,10382,9847,11664,10939,12491,11034,10652,10236,11702,11736,11535,11503,11922,11619,23209,22155,15791,12830,13633,12489,12676,13034,15080,13578,14466,13788,13442,14101,15533,15371,39748,15679,15177,17330,17022,15487,17156,16656,17506,17831,17078,17198,17651,16566,17450,21231,29539,17842,18937,19112,18904,18337,19341,19139,20269,20033,19802,20755,19787,21646,20395,19937,21837,20499,21508,20324,21285,21723,21416,24608,22044,22534,25733,21690,22560,50585,30342,24764,25298,25941,24823,24757,24421,29489,26164,24833,37281,26005,25399,26713,26311,38741,31410,26752,27153,26714
3489,4039,4340,4537,4890,4851,4626,5303,5324,6174,5825,5738,6213,6696,6474,6511,7268,7240,7796,7947,7546,7828,17258,8348,8859,8580,8846,8874,9781,9850,10214,9825,9880,10545,9646,10262,10923,10584,22105,12508,12272,10998,11869,11490,11098,11738,12174,11702,12514,14114,14009,16204,13204,13296,12487,12897,13032,14919,14187,14809,13585,13938,14621,15143,15420,34849,16268,15622,18397,17308,16456,26102,16606,18258,17763,17170,17944,17937,17051,17047,21172,18026,17814,19582,19653,19214,19153,19522,20172,29160,19330,20206,20822,19594,22228,21452,20330,21825,21361,21339,20994,22090,21882,22239,23978,21744,23235,25957,22319,22536,32237,35841,23658,24671,24961,23448,23787,23293,28569,25608,24062,24502,26105,24620,26350,25098,28699,30610,25636,25572,25895
3998,4219,3936,4365,4184,4974,4988,5169,5006,5811,5877,6026,5631,6113,6919,6637,6985,7105,7964,8162,7763,7907,18297,8076,8804,8908,9547,9423,10441,9190,9889,9416,9381,11582,8991,10044,10361,9354,12586,11715,12141,11071,11164,12230,10740,11150,11999,12443,11836,13184,15432,15710,12970,13989,12779,13212,13220,15160,13751,15079,13658,14026,14078,14984,15730,32428,15259,14926,17464,17381,16202,17105,16282,17071,17416,16794,17566,17652,16309,16469,20456,17158,17356,18926,18713,18430,18124,19062,19393,17836,19108,19441,20766,19074,21094,19941,19884,22473,20552,21026,20044,22184,21795,20705,23268,21301,21800,24402,21934,23056,21360,27277,24854,25595,25625,23812,23607,23814,28875,26149,24373,24379,25773,25595,27075,25412,29415,30480,26467,26298,26167
3889,3751,4203,4410,4638,4811,4714,4634,5330,5646,5665,6060,5766,5703,6677,6746,6965,7146,7931,7436,7269,7354,17205,8203,8843,8525,8524,8630,9654,8979,9747,9783,10041,10007,9274,10174,11207,9426,11568,11638,12186,11044,11066,12028,11608,11161,11582,11502,11526,14372,17519,17653,12926,13567,12914,12829,13115,15307,13823,13825,21687,13898,14052,15850,16216,28999,15990,15676,18100,17157,16628,17844,16409,17531,17540,21076,17306,17969,16670,17179,21606,17466,17830,19313,19085,19327,19392,18345,20218,18397,19632,19785,22519,20725,24101,20657,20730,22864,21519,21662,21393,21430,22239,21879,24261,22863,22972,25983,22454,22629,21686,27868,24967,24692,24750,23691,23622,23761,28102,25851,24406,24080,26453,25012,26899,24780,36690,29579,26105,26467,25967
3963,4153,3605,3993,4485,4988,4225,4814,5025,5805,5417,5743,5850,6093,6660,7011,6802,7852,7699,7753,7691,8500,18092,8518,8803,8452,8674,9204,9716,9106,14044,9783,9158,10799,9316,9860,10694,9386,12405,12062,12579,10867,11053,11725,11708,10905,11784,11482,12172,13526,17246,15088,13071,13284,12630,12492,13119,14777,13587,14633,14926,14093,14250,16385,15593,22769,16140,15890,17320,17372,16809,17635,16780,18114,17107,21994,17349,17521,16596,17164,20483,16883,17797,19039,18831,18893,19591,18181,21371,18055,19325,18907,22299,19970,24082,20459,19968,21466,20361,20950,20838,22268,21751,21645,23985,22551,22114,24834,21730,22857,22159,29446,24520,26340,25533,24455,23969,24202,28221,38388,24950,25386,26249,25388,27922,26224,25329,30942,26675,26508,27174
4012,3811,4072,4584,4546,4882,5197,5246,5537,5567,5464,5432,6488,5996,6729,6424,6819,7078,7089,6647,7673,7353,16055,8058,8206,8301,8837,8748,10077,8897,11772,9421,9302,10052,9317,9521,10381,9462,12067,10737,11750,10506,10935,11713,11469,11240,11108,11129,11632,13485,16720,14675,12432,13110,12464,12965,12943,14519,14457,14464,13756,13484,14139,15460,15678,23527,15998,15909,17514,18081,15945,17879,17127,18186,16857,32433,18402,18106,17050,16943,20455,17712,17832,26760,19210,18725,20932,18362,20791,18869,19324,19709,22431,20492,25435,21150,20287,22510,20762,21240,21658,23098,21784,21495,37922,21824,22767,24905,22240,22177,23304,27635,23751,24621,25543,23421,23897,24149,28004,30777,25420,24775,26578,24580,27266,24933,24551,29337,25903,26370,25767
4096,4278,4114,4364,4837,5001,4951,5152,5284,6322,6309,6083,5774,6151,6953,6569,7207,6727,8099,7496,8806,8963,17872,8977,9328,9254,9058,10100,10405,8726,12086,9960,9714,11496,9422,10105,10661,9251,12403,12058,11767,10680,10568,11216,10946,11140,11024,11572,11690,13250,12632,13966,12949,13414,12361,12771,12644,15086,13433,14821,13791,13163,13704,15485,15051,22844,15238,14916,16910,17000,15308,16654,16005,17240,17011,22814,18252,17872,16696,16962,20320,17020,17686,16810,18228,18862,20655,18036,20512,18608,18889,19176,20177,19636,23822,19923,19595,20838,20626,20272,21627,24158,21006,20545,22869,21120,22231,24104,21757,22832,21937,26564,24376,25606,25534,23756,23839,24053,27887,43949,24397,24673,25694,24931,27251,25480,26887,31593,26482,26265,26595
3770,4199,4111,4351,4451,4676,4779,4818,4773,5438,5671,5374,6149,5810,6296,6684,6611,7076,7864,7381,7498,7897,18260,9308,8670,8566,8880,8270,9659,9771,11002,9333,9372,10212,9585,10395,10341,9547,11909,10954,12471,11339,11074,11447,10915,10742,10988,11368,11561,12637,12773,13701,12198,13194,12151,12368,12719,14731,13872,14192,14280,13444,13834,15454,14595,22077,15432,15642,17930,16524,16463,16993,16634,25913,16495,18946,36580,17759,16483,17061,20140,17232,17202,17425,18406,18822,19625,18763,20055,18672,18935,19339,21319,20192,24435,20255,19964,22220,21410,20871,21986,23748,21486,21177,23367,21891,50298,25175,22114,22263,22916,27361,24093,25322,25488,23342,23793,25130,28566,31630,24143,24592,26137,25242,26561,25484,30206,31847,25655,25779,26534
4121,3513,3719,4538,4627,4633,4400,5190,5120,6432,5254,5696,5290,5612,6559,6323,6552,6735,7364,6950,7553,7935,17639,8848,8339,7930,8267,9265,9201,8823,10416,9453,9149,10515,9255,9585,10320,9249,11826,11676,11351,10539,10861,11229,10956,10988,11199,11618,11788,12752,11502,13777,12985,13150,12768,13762,13228,17222,14196,14540,14392,13886,13714,16645,15383,24823,15466,15612,21444,16862,16388,17294,16247,17822,16724,18849,21073,26793,17559,17071,21927,18062,17836,17492,18564,19234,20523,18330,20916,18804,19648,20228,20681,20236,23742,20546,32677,21061,20433,20602,22288,23517,21605,21916,24209,21927,31403,25539,21903,22475,22698,26924,24322,24398,25224,23714,23417,24761,28261,36220,24637,24815,26056,25220,27153,25719,32252,30618,26543,26826,26375
3817,4366,4316,4219,4322,4768,4494,5070,5314,5880,5999,5548,6646,6048,6394,7417,6768,7041,7798,7332,7897,8058,17439,8304,8624,8503,8252,8734,10011,9270,10614,9572,9105,10060,8784,10061,9908,9309,12725,10372,12451,10190,10509,11143,10699,11170,10611,11411,19647,12987,11987,14002,11831,13123,12100,12645,12612,15236,13128,14750,14419,13636,13637,15967,15538,23932,15676,15551,21333,17307,16357,18000,15561,18194,17566,18325,19092,15980,16905,17073,19958,17779,17039,17280,18607,18610,20143,17992,20557,18622,18904,20180,21130,19906,24466,19821,20223,22104,21713,20760,22824,25448,21228,21037,22711,33169,21292,24536,21792,22393,22793,26680,24465,24343,25166,23551,23462,24847,27460,24964,24117,24499,26624,25022,26367,25296,31096,29702,25437,26023,26103
3645,3677,3890,4324,23298,4756,4766,5133,5021,5174,5486,5834,5781,5988,6436,6487,7257,6989,7635,7435,7341,7544,17907,8565,7919,8324,8444,8420,9510,8659,10923,9255,10057,9700,9261,8972,9256,9126,11722,10444,10982,10605,10283,12131,11178,11070,12473,11495,11831,14378,11757,13929,11708,13424,12922,12847,13050,15184,13573,14560,14443,13545,13912,15859,15524,23025,15287,16666,20824,17715,16288,17580,16543,18585,17021,18649,17690,16453,17939,17018,20149,17774,17530,17991,18768,19087,21035,18777,20945,18869,19273,21032,21901,20367,24401,20798,20116,21939,21723,20992,22690,25485,22503,22138,23627,25559,21656,24511,22316,21976,23283,27096,24618,38946,25605,24049,23317,25269,28374,25461,24399,25436,26267,25195,26741,27034,28788,29882,26142,34423,26048
3782,4021,4078,4127,5255,4772,4478,5308,5268,6399,5932,5652,6518,6266,6775,6575,6773,7579,8026,7702,7678,8372,18050,8557,9110,8601,8728,8923,9150,8335,10177,9231,9502,10021,9407,10457,10240,9371,11982,10982,12330,10688,10934,11179,10479,10899,13999,11574,11815,14857,12026,14315,12035,12704,12645,12650,12666,15152,13176,14110,14143,14116,13711,14928,16129,23123,15464,15441,20051,17142,15860,17741,15780,17858,16656,26437,17063,15995,17482,17142,21037,17605,17124,17517,18957,18625,20331,18529,20076,18620,18837,21055,21700,19927,25216,20444,19859,22683,21450,20610,22877,24434,20759,21006,23348,24780,21371,24656,22066,22604,24390,26187,24573,24398,25459,23968,23448,26138,27436,25920,23718,25345,25963,24700,25378,26648,28633,29032,25898,26561,25818
3615,4010,3879,4414,5888,4301,4777,5116,5348,5846,5656,5934,6186,5593,6377,6744,6871,6858,7598,7098,7411,7865,17337,8143,8209,8123,8085,8702,9050,9038,11168,9270,9219,9741,8856,9192,9872,9123,11379,10899,12165,10628,10192,11196,11062,10994,13799,11838,11262,14098,11897,13994,11707,13426,12413,12943,12599,15568,13467,14745,14501,14144,13580,15320,15578,23051,15150,15823,20048,24415,15989,17099,16201,18634,16615,17074,16732,16521,17305,17062,20609,18665,17947,18324,19655,19171,19035,18966,19428,19190,19424,22156,20137,20246,23362,20948,20155,21144,20897,21101,21959,25534,21632,21723,23773,25704,22514,24830,22918,22381,25173,27236,24666,25021,25386,24103,23477,26277,27561,26119,24434,26025,26435,25057,25815,27574,29015,31323,26382,27266,27281
3439,4099,4019,4705,4711,4991,4933,4921,5510,6149,5434,5484,5616,5938,5765,6047,6671,7279,7732,7577,7429,7673,13295,7625,7789,7869,8170,8781,9682,8664,11449,8798,11512,9841,9471,9270,9529,9386,11371,10440,11585,10660,11116,10734,10581,10865,14373,11585,11740,15122,12472,14150,12189,13723,12788,12513,13061,15009,13304,14347,14113,14093,14265,14981,15112,21250,15312,15868,19319,14686,15460,17290,15978,19066,16758,16715,16214,16433,17808,16700,19388,18263,17555,17811,18884,19159,19985,19033,20306,19041,18718,21012,19936,20124,23671,20215,20072,20671,20996,21128,22794,25642,21461,21501,23977,31905,22751,24135,22085,21945,26312,25778,24308,24823,25229,22964,23436,25805,27113,26066,23779,26370,25612,24404,25643,27538,28431,29715,25391,27029,25627
3664,4017,3677,4935,4158,4714,4710,5193,4813,6163,5973,6201,5917,5994,6589,6935,6938,7054,8012,7064,7469,7189,8266,8285,8300,7837,7937,8351,9239,8708,9141,8830,9432,10024,9001,8987,9774,9766,10796,10497,10974,9943,10308,11473,10995,10683,14027,11553,11700,15028,12341,13925,12157,13449,13122,12583,13370,15418,13604,14495,14175,13532,13907,15734,15653,22393,15508,16061,17188,15026,15910,17512,15902,18037,17180,17151,16742,16778,18347,17419,20994,18862,17777,18352,18560,19439,19257,18887,19700,19266,19060,21015,20832,20588,24002,19754,20380,20907,20726,20314,22772,24873,21931,21542,24211,21304,22852,24638,22050,22229,26743,26293,24427,24964,25825,24049,23996,25589,27524,26151,24737,27180,26865,24818,25434,26669,28994,31342,25906,27201,26704
3359,4179,4031,4345,4316,4833,4756,4915,5478,6491,5639,5776,5908,6169,6252,6806,6442,7305,8173,7445,7536,7767,11178,8214,8093,8287,9139,8432,9835,8629,9378,8721,9801,10031,9452,9871,9490,9811,19671,11084,11967,10681,10672,10774,10904,11096,22259,11508,12287,13599,11743,13035,12579,12737,12429,12378,12710,14832,13841,14430,14058,13735,13899,15207,14940,26877,15363,15341,16562,14802,15449,16607,15997,17923,16753,17456,16159,16576,17187,16865,20767,18096,17121,17769,17639,19233,19243,18458,20934,18761,18933,20349,19439,19707,24085,19611,19804,20991,20899,20997,23395,24720,21126,21260,23848,21050,22013,24428,21739,21696,27161,26189,24016,24886,46740,23344,23878,24750,26726,26175,23691,27242,25666,24346,25612,27381,28209,30339,25371,26975,25455
4183,3765,3672,3949,13465,4698,4396,4804,5084,5793,5818,5868,6089,5597,6250,6288,6636,6790,8025,7494,7110,7527,11928,7699,8063,7566,8464,9034,9128,8172,9510,8706,9503,9836,9072,9083,10008,9406,9687,10492,10753,9844,10378,11196,10662,10818,13801,11219,12117,12691,12316,13335,12563,13247,12582,12870,13159,15659,13793,15092,14600,13900,14044,15293,15317,24231,15171,15983,17137,15218,15422,16638,16019,18602,16796,17462,16380,16484,18658,17208,21933,18990,17527,17893,18907,19317,20220,18356,20279,19146,19290,21847,20723,19632,23237,19917,21193,21094,21989,20752,22937,25661,21179,21847,25248,21561,23539,24292,22610,22549,26758,26310,24421,25305,33888,24162,23925,25659,27397,26766,24571,26819,26187,24886,26583,27574,28346,29997,25657,27537,26232
3667,4181,3863,4444,4008,4593,4669,5100,4877,5660,5341,5133,5319,5675,6536,6462,6839,7470,7392,7096,7438,7200,22253,7778,7953,7622,8189,8180,9077,8458,9097,8675,9997,9611,9971,9230,9846,9655,10031,10678,11179,10032,10432,11399,11339,11062,13538,11585,12457,14208,12065,13141,12131,13590,12361,12780,13198,15014,12999,14762,14241,13763,13953,15446,15728,24793,14786,15653,16415,15099,15205,17080,15793,17916,16637,17601,16235,16666,17886,16853,21028,18940,17340,31825,18089,19371,18946,18610,18773,18586,22037,21814,19203,20132,24000,19984,20128,20578,20716,20233,21636,23994,20704,21612,23564,22010,22023,24208,21966,35071,26947,26285,23912,24391,23220,23322,23073,24544,27300,27086,24405,25796,26824,24998,25248,27383,28323,29542,25339,26942,25499
3747,3552,3606,4142,3936,4685,4986,5118,5058,5630,6001,6199,5677,6053,6117,6237,7058,6928,7912,7341,7215,7396,21805,7904,7861,7774,7958,8061,8968,8499,8940,8418,10431,9807,9966,9018,9637,9680,9889,10596,10799,10013,10221,10739,10682,10624,13954,11223,12491,15164,12395,13441,12485,13167,12973,13006,12864,15020,13421,14758,14201,14077,13945,15577,16025,25339,15158,15656,16639,16484,15288,17510,16677,17800,17141,18048,16589,16595,18775,17056,20800,19899,18301,18923,18726,21109,20327,18689,20259,18975,22336,21952,20011,21055,25101,20682,21048,22135,21669,20780,23185,24595,21695,21583,24505,22023,23384,25120,22556,25559,25308,27043,24743,25548,23689,24260,23919,25870,26902,35962,24612,26790,26755,24632,25658,27465,29324,29729,25979,27676,26389
3526,4245,4233,4433,4035,4655,4052,5406,5222,5909,5611,5796,6110,6245,6514,7088,6870,7392,8018,7607,7081,7456,10687,7526,7997,7343,7649,8165,9017,8372,8975,8619,9760,10208,9450,9486,9682,9660,10003,10849,10795,10391,10851,10796,10648,10855,13244,19441,12179,30295,11821,13479,11993,12700,12846,12590,12631,14638,13213,14319,14042,13301,13550,32577,14734,26938,14970,15324,16805,14934,14992,16236,24475,18258,16299,18099,16678,16586,18027,16588,19961,19499,17656,17684,17633,20602,19196,18927,19401,19100,21189,20930,18798,20012,22815,20326,20521,20878,20516,21327,21466,23502,21255,21188,26273,21868,24251,24329,22140,32374,27463,24330,24317,24485,24362,23656,23218,24425,27126,27776,24455,25604,26275,24808,25377,26733,30780,29391,25504,27181,26069
4085,4055,3565,4357,4385,4345,4719,5158,5103,5895,5400,5932,6087,6183,6295,6307,6450,6606,7534,6777,7071,6925,9318,7455,7667,7549,7756,7766,8788,7877,9025,8621,9064,9375,10062,9158,9969,9798,10150,10591,10389,10213,10491,10355,10965,11599,11115,11354,11925,22042,12169,13528,12206,13001,12371,12835,12910,15647,13420,14215,13926,13581,14133,16130,15273,26208,15031,15532,16764,15632,15338,16455,47427,17917,16783,18226,16976,16504,17984,17003,21570,19503,17516,18003,19042,20713,19387,18330,20067,19075,21465,20850,19833,20611,23233,20049,21432,20668,20605,20540,34032,24875,21260,21931,25431,22165,24259,24934,22727,22352,26147,24611,23869,25045,25251,23733,23934,24724,26882,28366,24740,25679,26590,25020,26163,27482,29181,29813,26113,27476,26586
3682,3822,4036,4134,4204,4488,4587,5253,5306,5640,5662,5656,5552,5596,6151,6548,6583,6403,7092,6937,7315,7064,7844,7627,7996,7755,7681,7988,8552,8439,9021,8589,8967,9669,10069,9244,9471,9501,10536,10623,10510,9893,10230,10956,10622,10792,12423,11790,12357,24072,12762,12791,12082,12779,12722,12459,12627,15995,13252,21835,14341,31829,14007,15609,15153,25338,14890,15549,16422,15216,15527,16456,18792,18162,16806,19582,16294,16413,17164,16946,19714,19418,17620,17689,18033,21157,19037,18630,18774,19255,27304,20895,19314,20070,23342,19665,21466,20510,20577,20895,24004,22955,21108,21460,26201,22001,25365,25126,22383,21779,25710,24420,23630,26190,24529,23170,23583,24518,26214,29420,24371,26003,25661,24547,24682,27183,32214,34055,25998,27174,25844
3864,3659,3443,4523,3860,5021,4796,5460,5257,5479,5603,5748,5940,5959,6284,6267,6224,7246,7893,6666,7201,6973,16529,8128,7532,7811,7821,8257,9398,8289,9238,8860,8996,9660,9728,9321,9358,9542,9882,11023,11093,10401,10505,10323,11281,10699,11594,11006,11697,24876,12762,13438,12285,13631,12178,12673,13128,15618,13508,13011,14029,17073,13730,15939,15118,24552,15341,15726,16690,15119,15950,16807,18307,18037,16884,19225,16672,16520,17306,18015,20103,18974,17771,17503,18365,20369,18821,18410,19356,18780,27448,20170,19864,19878,23120,20173,21512,20742,20946,19970,24294,23324,21218,22036,25600,21456,24908,25656,22320,22445,25256,25286,23970,25461,24682,23894,37887,24853,26839,27410,24422,26154,26695,25331,33577,27352,30502,33003,30581,27738,25878
3666,4066,4062,3798,3966,4893,4613,4940,4692,6265,5457,5561,5644,6107,6763,6988,7228,7171,7974,7452,7322,7179,7284,7484,7859,7426,7774,8408,9045,8269,9175,8650,9386,9544,10174,9048,9716,9881,10345,10377,10671,9892,10172,10410,10281,10432,11740,11430,12076,23386,12569,21356,12188,13070,12354,12345,12898,15928,13333,13127,13790,14934,30166,16683,15037,27592,14893,15632,16678,15435,15434,17495,16839,17667,16833,18722,16320,16649,17590,16799,20001,18330,17676,17546,17975,20267,18816,18292,19537,18819,19098,20629,19246,19420,22762,19576,22233,20382,20381,20449,24018,23257,20865,21859,25169,22177,23926,24289,22143,22005,25423,24417,24225,27270,24414,23320,23795,24184,26528,27112,24037,25007,25983,24582,25090,27148,30283,31349,33094,27153,25881
4029,3737,3686,4581,4186,4751,4814,4866,5195,5282,5414,5724,6288,6335,6158,6277,6392,6675,7188,7081,6190,6725,6682,7356,7560,7829,8051,7844,8516,8237,8973,8347,9289,9269,10835,9174,9813,9703,10515,10556,10579,9654,10190,10576,10786,10510,11299,11565,11753,25456,12942,12488,11938,13245,12567,13084,12892,15562,13052,13485,14287,22357,15878,16981,15390,27233,15857,15890,17392,15819,16175,17223,17295,17422,16852,19344,17087,16674,17934,17420,20158,19205,17567,18006,18466,20576,19297,19017,25021,19121,19283,21093,19932,20390,22870,20501,21596,20607,20930,20887,30101,22973,21072,21699,26532,22332,24451,27102,22758,21542,24532,24534,23828,26712,24246,23333,23280,23662,27057,27130,24432,25575,34939,24992,25761,27598,30043,31874,31930,27126,25800
3447,3905,4029,3891,3966,4452,4852,4862,5219,6223,5610,5556,5468,5856,6662,6378,6346,7963,7489,6643,7224,6945,7207,7395,7919,7987,7543,8162,8315,8041,8719,8402,9008,8953,9810,9031,9313,9888,10081,10230,10438,10130,10369,10381,10781,11074,11567,12071,12255,23417,12795,11920,12670,26419,12112,12658,12702,15525,13031,13424,14045,13650,14714,16137,15244,26269,15473,15356,16838,15205,16079,16927,16775,17069,16755,19004,16668,17308,16883,17329,19837,18892,17570,17637,17951,20603,18868,18868,23186,19503,19493,19965,19290,19511,24182,20338,22851,20690,20423,20618,20138,24138,21093,21028,25367,22027,23718,25675,22336,44857,32722,24243,24175,27230,25049,23218,23022,24140,26702,28452,24319,24639,23974,24326,26282,26574,30681,30918,29939,27323,40411
3838,3669,3734,4757,3793,4948,4655,5493,5502,5656,6015,5687,5838,5873,5930,6029,6011,7064,6897,6562,6847,6691,6920,6923,7020,7653,7688,7830,8371,8253,9210,7954,9381,9564,10824,9303,9149,10186,9899,10485,10118,9701,10281,10386,10552,10812,11409,11341,12061,20337,13150,12249,12202,14777,12585,13042,12946,15215,13494,13643,14295,14152,15239,24626,15601,29246,15149,16541,17582,15700,16111,16746,16952,17324,16718,18722,16755,16747,17817,17416,19807,27740,17579,17848,18281,20699,19268,18885,23106,18963,20610,20277,19657,30818,23285,20448,22278,21023,20897,21107,20205,22850,21937,21081,24835,22004,24011,27148,22589,31352,25429,24655,24592,27495,25100,23559,23287,23733,27603,26728,24692,24801,24109,24650,27054,27281,29992,32609,25973,27237,31124
3500,4481,4323,4007,4239,4558,4923,4584,5290,5424,5177,5491,5685,6218,5840,6110,6204,6601,6929,6410,6723,6636,6726,6866,7643,7641,7484,7823,8428,8201,8852,8616,10253,9076,10069,8828,9213,10273,10270,10413,10277,9713,10591,10592,10179,10867,11610,11705,11757,20643,13687,12137,12117,13150,12141,12609,12457,15224,12745,12989,14140,13768,15064,14643,15206,27931,15039,15727,17975,23804,16029,17255,16721,16514,16389,18333,18935,16641,16935,16973,19849,18972,17296,18704,17764,20011,18534,18397,23082,18535,20044,20208,19243,22894,21906,20258,21507,20457,20397,20845,20139,23354,21308,21434,24817,21733,24570,27077,22028,21090,25785,24133,24346,27002,25758,23567,23375,24125,26832,27235,23927,24564,24374,24890,26140,26711,28947,30810,25463,27361,36421
3987,3652,3790,4197,4167,4913,4628,5032,5122,5717,5340,5595,5422,5918,6595,6567,6258,7545,7381,6787,6692,6971,7313,7099,7522,7087,7374,7772,8488,8790,9770,8263,8727,9011,10734,8622,9120,9599,9794,10219,10247,9552,10442,10465,10705,10906,11338,11476,11561,25479,13504,12332,11770,13089,12568,13159,13002,15757,13099,13603,38708,14235,14781,14496,14985,27568,19775,15595,17868,15306,16306,17031,17245,16716,16272,19091,17239,16676,17997,17192,19971,18946,17518,18732,17967,20643,18913,18458,21438,19057,19666,20240,19614,22226,22558,20058,22027,20612,20153,20742,20815,22470,21095,21008,24799,21997,24385,30219,22617,30254,26236,25030,31704,26679,27230,23409,23904,23938,26304,27507,24472,25357,24711,25765,26847,27982,28185,31574,25660,27649,34226
3409,4325,4293,4408,4222,4866,5205,5548,5207,6222,5976,5897,5951,5698,5710,6053,6075,6562,6981,5782,6735,6120,7135,7155,7334,7281,7687,7827,8219,7943,9740,8391,8864,9133,10240,8944,9606,10453,10271,10101,10816,10186,10160,10141,10378,10542,12023,11971,11770,19347,12978,20453,12202,13232,21278,12433,12664,14658,12840,13300,15297,14358,15076,14125,14996,30969,53064,15275,17422,15544,15875,17165,16885,16959,16439,19002,17058,16812,17543,16882,20664,19937,17692,18604,18039,20906,18205,18541,18581,19448,20601,21071,19099,23012,22519,20444,23394,20277,21031,21283,20883,23595,20677,21857,23516,31093,23084,31470,22376,22575,26222,23973,21766,25178,26025,22939,23438,23695,26400,25292,24514,24836,24279,24363,26476,27215,34163,31273,25399,26848,33732
3762,3931,3762,4328,4492,4664,5091,4883,5968,5991,5318,5714,6040,5357,5942,6030,6048,6787,6772,6500,6625,6727,7162,7004,7337,7301,7428,7629,8659,7744,8891,8356,9130,9513,10554,8855,9260,10171,10111,10583,9904,9885,10167,10412,10617,11002,11450,11343,11402,21319,13471,11361,11565,20900,12958,12995,12459,14481,12764,13632,22941,14482,14795,14329,15064,25888,16661,15402,17356,15706,27915,17402,17259,16672,17012,20184,17797,16252,17857,17085,21009,20317,17660,19003,17766,20332,18540,18973,18716,19004,19715,20751,19456,23178,22211,21258,22042,20938,20619,20703,20614,22260,21066,33886,23399,22267,23542,29198,22524,22787,28193,24624,22254,24551,28731,29252,23573,24142,26341,26301,24710,25451,25537,25060,26536,27647,31033,30945,25679,27331,57371
3582,4203,4160,4985,3924,4550,5509,5706,5492,5223,5632,5796,5801,6143,6260,5958,6476,7085,6980,6620,6997,7019,7014,7143,7756,7814,7645,7901,7935,8182,9216,8360,9136,9640,10520,8720,9033,20497,9940,9976,10618,9668,10699,10345,10301,10538,11623,11713,11836,18780,13215,11769,12301,12548,12424,12811,12688,15238,12836,12967,13544,14611,14913,14512,14604,30463,16465,14971,18648,15654,15818,16567,17342,16326,16265,18625,17333,16241,18025,17043,19454,20138,17318,19129,17514,20546,18470,18326,18175,18555,19887,19365,19138,28938,22292,19769,21641,20133,20148,19941,21133,22751,21033,24254,21558,22037,22372,27968,21882,22762,35698,24322,22773,24617,27073,25271,23626,23576,27139,26226,23992,25063,24348,24605,26363,26399,32149,31564,25689,27421,38844
3360,3913,3619,4638,4450,5367,4973,5266,5443,5798,5480,5594,5212,5903,5810,5917,6011,7058,6714,6606,6405,6399,7246,7362,7146,7532,9068,7702,7814,7886,10361,8237,9428,9006,10933,8703,9439,12282,9964,10365,10162,9973,10220,10376,10559,10269,12027,11405,11614,18445,13353,11653,11978,12871,12766,12631,12772,15262,13341,13627,13825,14402,15296,14549,15724,31010,16589,15745,19333,16394,15651,16950,18245,16878,25331,18879,18175,16912,17554,17255,20152,19222,17894,19779,18275,20818,18228,18831,18767,19011,20005,20161,19782,27411,22440,20727,21419,20679,20653,20994,21426,21036,20948,24244,22099,23157,23256,27616,22516,23896,31731,24598,22783,24003,26334,25620,26603,23517,26517,25654,24508,24579,24721,24611,26774,25112,30576,30800,26727,27485,28978
3397,3876,3940,4008,4167,4692,4688,4571,4794,5596,5333,5493,5118,5967,5766,6596,6369,7139,7272,7101,7418,6921,7394,7110,6928,7482,10345,7483,7662,8302,9304,8274,9244,9140,10100,9004,9228,10290,9866,10469,10326,10082,10283,10706,10706,10682,11958,11960,12010,17866,14023,11428,11737,12340,12522,12749,12890,14684,13240,13667,13957,14335,14766,15054,15035,26711,16434,16013,18929,15761,15785,17505,17565,16661,16404,18674,17611,16188,17436,17029,20163,18532,17952,19131,17632,20486,18478,18575,18264,18818,20298,19339,19076,20267,22975,20308,21103,20365,20057,20637,21197,21058,20925,32126,21668,22713,22308,24279,22238,22725,31756,24228,22915,23490,27583,25762,26550,24422,26950,26748,24086,24337,24906,24554,26278,25123,32618,30501,26081,27509,29480
3415,3917,3656,5074,4243,4846,5237,5321,5298,5275,5190,5523,5611,6385,6299,6629,5582,7580,7416,6444,7233,6901,7319,7235,7357,7944,9610,17137,8291,8573,9309,8637,9640,9732,10566,8979,9556,10240,10531,10355,10101,9770,10729,10737,10448,10710,11363,11480,12364,16724,13743,12161,11868,12684,13153,12934,12970,15620,12978,13374,14164,14354,15691,14661,15204,29216,16515,15880,17714,15682,15735,16781,19048,16968,16818,18963,18395,16675,17183,17089,20025,18834,17666,20338,17955,21207,18878,18925,18842,19312,20077,20016,19489,20485,23031,20185,21538,20540,20775,20695,28960,21811,21307,20859,22439,22925,22682,24282,22525,34714,26161,24609,22760,23292,26023,25983,27143,23950,27255,25337,24569,24855,24540,24770,27255,24977,32598,31200,27690,27044,40286
3849,3710,4182,4326,3941,4190,4513,5130,4915,5561,5657,5761,5787,6355,6047,5821,6296,6900,6946,6289,6875,7009,7077,7353,7199,16112,8873,8186,7777,7943,8841,8279,8758,8889,10545,8500,9361,19014,10143,10252,10359,9980,9993,10315,10299,11048,11965,11934,11486,14698,13000,11540,12054,12795,13150,12510,12965,15213,13388,13731,14343,14846,15721,14946,14658,31057,16370,15275,18456,15721,15527,16674,18205,16577,16981,17734,17435,16277,17341,17106,19707,18162,17465,19736,17785,20672,33561,18545,18865,18615,19747,19470,19360,19942,22068,19900,21547,20419,20228,20499,21922,20909,20700,20271,21343,22660,22419,24538,22083,26620,25019,24699,22561,23170,26170,25202,27544,23983,26279,26281,24324,24691,24512,24699,26649,24999,32290,30570,26423,27255,38299
3580,3755,3406,4789,4160,4877,5021,4749,5297,5716,5903,4874,5565,5833,6078,5668,6211,7081,6216,6425,6705,6801,7266,7011,7414,7291,8909,7736,7823,8104,9064,8357,9064,8842,10551,8797,9054,9111,9883,10436,10408,10214,10096,10742,10601,10842,11992,11535,11645,13827,13581,11820,12190,12874,12921,12823,13471,15524,13241,13485,14287,14828,15837,14680,15451,28330,16861,15630,19350,15992,15698,17264,18866,16730,17214,18417,17750,16824,17756,17256,19583,19529,17964,19969,18221,20671,18766,18662,18759,19233,20304,19574,19958,20823,21804,20093,21262,21013,20203,20892,21244,21679,20630,21384,21688,23107,22671,24730,34855,33727,24926,24589,22974,23625,27255,26200,28924,24684,27522,26333,25081,25224,25049,25521,27365,25467,32766,31246,28600,27654,28949
4175,4078,3886,3989,4143,5079,4594,5089,4967,5268,5133,5459,5418,5966,6251,6271,6196,7248,7032,7036,7026,6872,7268,7482,7346,7402,8858,7972,8354,8364,10027,8346,9470,9106,10771,8678,9362,8919,10320,10645,10528,10113,10401,9950,10232,10651,11567,11732,11384,13534,12791,11590,12100,12600,13129,12525,12909,14369,12739,13495,14408,15160,15267,14664,14805,31127,16941,15428,20889,15741,15212,16353,18658,16470,16778,19918,18870,16247,16836,17044,19356,18556,17260,19255,17543,20276,17841,18490,18854,18980,19756,32005,19185,20393,20745,20094,20397,20557,20623,20761,21853,20908,21524,20785,21478,22653,21667,25086,25374,25749,25055,32200,22431,22490,24892,25253,27712,23343,26677,25145,24088,24463,24637,24144,25833,25014,32282,30821,28947,26621,28513
3819,3716,3835,4399,4468,4696,4755,5963,5408,6203,5697,5672,6061,5960,5492,5634,5966,6929,6686,6461,6471,6934,7299,6792,7160,7174,8668,7583,7515,7741,9400,8125,8697,8877,9858,8331,8895,8794,9849,10148,9871,9507,9812,10254,10376,10936,12291,11218,11745,14348,12953,11853,12158,12973,13384,12793,13184,15020,13153,13406,14270,14995,15526,14758,15017,28298,16483,15737,17649,15879,15648,16982,19074,16970,17211,17905,17551,16872,17455,17640,20110,18919,17857,19520,18202,20742,18111,18323,19392,18728,20168,21813,19555,20583,21093,19610,21030,21090,20392,20964,22530,20749,21305,21242,21701,23026,22474,24822,25159,26726,25514,30656,22941,23669,25825,25339,27970,24356,27316,25819,24332,25247,24773,25658,26939,25378,34435,31398,30244,27219,29743
3697,3927,4085,4017,4754,4695,4967,4830,4901,5675,5472,5435,5692,5936,5783,5886,5619,6656,6646,6080,6404,6449,7353,6703,7078,7439,7981,7663,7770,7643,9696,8451,8632,9580,10098,8425,9453,8757,9945,10332,10236,9932,10273,10371,10659,10526,12285,11471,11360,23363,13438,11622,11739,12796,12760,12572,12530,14640,13179,13469,14100,15442,15656,14565,14969,29747,16352,15370,17144,15922,15423,16516,18773,17086,16859,18552,16786,16375,16608,16647,19656,18345,17322,18765,18051,28447,17885,18357,19693,19144,19820,22350,19083,20264,28927,20195,20112,20646,20289,20765,21927,20813,20842,21040,21143,22785,21619,26005,25036,26560,24496,28449,22725,23407,25800,25294,26549,23341,26950,25434,24258,23820,24149,24501,25643,25133,35460,30492,27316,31079,29161
3462,3885,3909,4668,3999,5554,4488,4986,5368,5889,5289,5128,5312,6461,5999,6076,5986,6727,6524,6226,6638,6741,7294,7082,7057,7168,8502,7562,7756,7711,10056,8312,8928,9321,10707,8462,9217,8982,9807,19057,10436,9861,10255,10296,10479,10222,12311,11698,12086,12157,14352,12060,12006,13155,13232,12698,13183,14682,12983,13625,14208,15450,16359,15174,14898,28806,16639,15731,18681,16067,15926,16985,19074,17044,17129,19600,17907,17030,17401,17193,21539,19082,18079,19224,18289,19240,18216,18393,20171,18721,20152,21608,19606,20106,19233,20204,20456,21153,20736,21169,22294,21259,21537,21192,21777,22490,21930,26984,32380,28164,22866,29639,23315,23163,25892,25712,28703,24563,27154,26003,35892,25099,25236,26036,26574,25023,32519,31587,31289,30311,30720
3686,3872,4082,4179,4437,4955,4990,5109,4767,6022,5464,5041,5242,6497,5731,6112,6311,7162,6329,6452,6356,6647,7338,6940,7027,7250,9430,7757,7682,7739,23614,8682,8731,9189,9418,8679,9221,8826,10224,9569,10069,9718,10131,10340,10348,10692,12236,11709,11705,12304,13811,11495,11661,12982,12925,21415,12412,14660,13211,13365,14238,15753,16277,14566,14898,37857,16478,15607,17707,15722,15511,16054,19112,16429,16868,17646,17664,16515,16876,17002,19650,18382,17205,18737,17794,22243,18140,18297,31898,19029,19833,28190,19166,20563,18867,20069,20037,20339,20355,20249,21856,20405,21058,21068,21384,22769,21723,26211,20985,26637,23459,24469,22474,22706,25015,24497,26661,23127,26507,25085,28886,34806,41423,24071,25879,24692,27220,31058,26660,29029,30197
3968,4344,4274,3959,3725,5126,4698,4514,5134,5008,5462,5012,5248,5786,5210,5918,6145,6185,6652,6359,6551,6564,7686,7185,7156,7460,8569,8055,7680,7959,12862,8301,9056,9019,9745,8942,9127,8939,9706,9630,9698,9878,10102,10607,10743,10770,12152,11479,11955,12857,14271,12172,12128,12973,12947,13063,13265,14714,13414,13284,14632,15209,16220,15015,15157,32544,16884,16264,18612,15970,15770,16592,19163,16825,16964,18047,17902,16931,17163,17641,19529,18776,17758,19324,18131,22885,18516,18739,27830,18957,20402,18898,19523,20874,19736,20349,20084,20561,21084,20851,22413,21463,21455,21677,21802,22700,22403,28698,21705,27343,23762,24545,23107,23709,25694,25265,26615,24100,27463,26294,29087,29152,24785,25384,26772,25636,27447,53382,27828,30110,31008
3743,3895,3946,4070,4339,5047,4021,4989,4451,5283,4984,5177,4726,6100,5679,5819,5846,6931,6652,6336,6702,6355,7379,6679,7034,7827,8825,8018,7802,8103,10669,8621,8978,9405,9875,8734,9195,9124,9930,9832,10737,9781,10548,10441,10355,10792,12983,11971,11583,12710,13682,11866,12412,13493,13247,12784,12881,15344,13051,13480,15072,16261,16369,14729,15073,32109,17851,15280,17626,15738,15653,16186,19053,17031,16675,18099,17641,16718,17279,17043,19863,18182,17240,19493,17652,22614,18188,18682,32123,18377,20438,18053,19324,20502,19922,20458,20471,20180,20058,21196,22591,21229,20656,21563,21410,23111,22020,29061,22385,25911,24224,24372,22350,23028,24553,25109,26312,23501,26980,25501,28386,28170,24197,24903,26258,24946,27583,39681,26498,41966,31927
3146,4133,4181,3980,4188,4660,4469,4947,5115,5760,5140,5406,5186,6494,5646,5267,5792,6450,6170,6429,6876,6280,7525,7192,7296,7552,8274,7957,7833,8205,9131,36588,9083,9681,10174,8547,9366,9246,10273,9860,9902,9885,10088,10479,10338,10567,11887,11485,11753,15289,12980,12079,11955,13254,13401,13078,12412,15099,13148,13726,14581,15652,15047,14652,15058,30570,17230,15438,17930,16102,16075,16550,18805,16822,17195,17691,17775,16377,17493,17027,19826,18735,17905,19472,18192,22494,18735,19065,22126,19181,20323,19195,19835,20975,20382,20535,20665,20370,20797,20797,22500,21358,21106,22591,22243,23363,22145,26929,22998,27475,24292,24632,23018,23406,24902,25797,25812,24135,27442,25891,33346,29271,24411,25022,26539,25547,27048,39456,26280,31912,31430
3692,4012,3526,4433,4283,5035,4622,4471,4721,5453,5128,6147,5823,6510,6039,5807,5989,6420,6663,6588,7060,6658,7432,7119,7205,7476,8146,7793,8052,7861,9241,9682,9216,8978,10698,8579,9335,9136,9997,9667,10325,10001,10191,10431,10726,10605,13016,11722,11496,12916,14027,12043,11964,13617,12881,13033,21459,14888,12905,13391,14716,15790,16854,15054,14875,31029,17157,15374,18067,15885,16176,16589,18720,16841,16985,18074,17069,16335,17638,17026,19205,17994,17352,18179,17883,22057,18329,18484,22734,18686,19933,19428,19160,20607,19845,19817,20100,20615,20259,21052,22227,21010,21158,20838,20984,22809,21447,28073,21700,26746,24982,24009,23158,23335,25044,25655,26100,23446,26737,25142,23319,33841,23979,24309,26146,25080,27559,39930,25938,33267,31837
3645,3625,4017,3606,4322,4819,4897,4952,4614,5981,5640,5373,5895,6090,5807,6068,6120,7106,6758,6348,6467,6931,7562,7185,7075,7497,8967,7758,7885,7943,8896,9062,8401,8530,10123,8650,9325,8764,9946,9779,10024,9638,9864,10580,10505,10931,12423,11423,12015,12880,12911,11417,11755,13204,13135,13229,13153,14836,12844,13394,15181,15521,16397,14867,15474,34607,18239,15772,17679,16252,16386,16291,19923,16752,17113,17599,17162,16922,17218,17495,19967,18027,17788,19220,17857,18499,19109,18643,18651,19103,20187,19460,19497,20779,19990,19822,20174,20120,21585,20955,21938,21041,21287,21311,21496,23281,21790,26377,22370,27172,26393,24595,22966,23098,25223,25498,24493,23849,26792,25323,23499,23949,24589,25016,26905,25226,27694,36051,26339,32316,31836
4194,3885,3527,4206,4508,4889,4670,4246,4665,5702,4915,5308,4783,6268,5917,6261,6117,6255,6839,6391,6562,6646,7831,6978,6738,7387,9163,18814,7801,7860,8881,8610,9421,8823,9880,8702,9203,9287,10100,10014,9949,10214,10620,10671,10875,10538,13397,11314,11209,12899,12171,11320,11814,13208,12718,12643,12803,14408,12869,13330,14828,16163,15600,14455,14587,30814,17896,15158,16830,15373,15501,15715,19580,16403,16375,17184,16655,16562,16297,16432,19586,18571,17144,17831,17635,17981,18730,18221,18632,18464,44072,19096,19043,20271,19032,19611,19799,20122,20059,20287,21613,20839,20953,21073,21054,22613,21749,25085,22042,28595,25746,25114,22694,23410,25453,25021,25669,23749,26598,25242,24002,24429,24533,24682,26011,25090,27374,37405,25447,31251,33005
3094,3935,4140,4024,4188,4862,4667,5448,5550,5616,5687,5516,5184,6618,5636,6042,5349,7015,6843,6581,6356,6747,7623,7173,7065,7771,9640,9180,7703,8220,8777,18150,9209,8310,9863,8843,9035,8845,9860,9671,9719,9833,10092,10643,10715,10995,11946,11167,11408,12644,13204,11754,11528,13954,12456,13012,12885,14986,13146,13180,15055,15636,16442,14686,15032,30885,17927,15799,17732,15932,16051,15856,19959,16721,16983,58329,16591,16501,17021,17318,19777,18156,17714,17693,17698,17931,18320,18540,18482,18909,20862,19420,19702,20486,19406,20186,20360,20247,20462,21343,22506,20958,21170,21605,21140,23040,22016,26553,22114,28434,26664,26092,23171,23659,25669,25601,26144,24293,28033,26452,24219,24570,25406,25690,26650,25764,28477,37881,26638,30673,33175
3549,3761,4080,4265,4009,5441,5072,4956,4969,5502,5223,5287,5346,6063,5813,5733,5832,7032,6462,6478,6586,6547,7838,6745,7299,7591,8220,8630,7795,8140,8940,8131,8586,8467,10326,8714,9603,9552,10172,9958,10410,10439,10203,10064,10212,10217,13153,11413,11510,13029,12327,11304,11933,13380,12714,12663,12699,14616,12597,12909,14997,14248,16289,14410,14284,32894,17052,15284,17871,15365,24611,15844,17783,16370,16704,25999,16592,16312,16647,16689,19588,17868,17210,17639,17619,17763,18831,17885,18098,18455,28038,18639,18615,20109,19452,19552,19396,19949,20054,20664,21425,20507,20318,20681,21153,22439,21424,25997,21809,28214,27821,25175,22560,22889,24816,24589,25613,23619,26362,25661,23749,23930,24457,24173,26287,25414,27594,37545,25318,30383,31829
3843,4266,3983,4411,3914,5003,4325,4224,4644,5474,5269,5273,5366,5878,5324,5612,5805,6275,6231,6182,6636,6630,6907,6806,6970,7375,7430,8596,7746,7758,9140,8167,8473,8470,9510,8895,8962,8771,9743,10020,10152,9706,10308,10770,11100,10256,12764,10907,11546,13185,12795,11904,11586,13256,12766,13423,13542,15143,12980,13454,14223,16082,16329,14850,14817,28476,18123,15443,17832,15883,16508,16106,19083,16288,16930,16450,17433,16867,16815,17349,20569,18314,17729,18228,17620,18883,19031,18400,18532,18991,19430,19728,19308,35451,20135,20021,20521,20239,20722,21365,22001,21852,21255,21515,21453,22659,21651,24900,22438,29382,25519,27468,23069,23668,24712,39107,25744,24017,28035,25967,24433,24669,25957,24668,26964,25403,45907,35187,25937,31244,33121
4214,3453,4159,4474,3818,5058,4613,4678,5263,5639,5072,5496,5615,6735,5399,5665,5649,6811,6533,6204,6411,6434,7633,6698,7191,7536,7570,8436,7836,7757,8725,8374,9302,8477,11143,8806,9131,9175,10791,10045,10007,9893,10304,10469,10705,10587,12895,11599,11466,12807,13039,11518,11754,13744,12451,13195,13023,15315,21555,13141,15493,15643,15435,14728,14929,31491,19750,15491,17285,15559,16382,16004,19920,16370,16799,16308,16222,16444,16942,16731,24779,18019,17160,17715,31278,17861,18676,17992,18116,19099,19244,19359,19060,20247,19380,19972,19904,20140,20411,21164,21931,20916,21423,21177,22213,22325,21226,24271,22098,27621,27249,26828,22792,23371,24238,24961,26224,23553,26988,25597,23982,24710,24936,24731,26745,24551,32713,37326,25958,31109,31914
3609,4267,4386,3783,4110,5082,4922,4695,5199,5432,5294,4835,5546,6204,5390,5487,5460,6448,6609,6247,6446,6574,8312,7006,7067,7659,7421,8233,7908,7850,8806,8209,8692,8489,9647,8896,9107,9249,10031,10047,9843,9662,10568,10682,10371,10982,12650,11685,11565,13081,13002,11999,11584,14608,12977,13367,13300,15398,13421,13045,16361,15814,16803,14947,15088,30421,18239,15624,17168,15940,17060,16670,27513,16766,16721,16870,16852,16530,20927,16808,23272,18178,17599,18014,19881,18082,19809,19206,18956,18831,19981,19466,19611,21109,19906,20012,20634,20546,20277,21321,22642,21100,21573,21585,21732,23015,21709,25049,21826,29234,26563,27409,22662,23392,24659,25017,25073,24102,27204,25865,23749,24352,26703,24898,27271,25813,27637,35789,26778,33494,31311
3508,3440,4212,4166,3892,4731,4183,5098,4772,5427,4952,5585,5536,6963,5274,5906,5747,6700,7111,5856,6700,6812,8216,6630,7383,8043,7760,8856,7951,8020,8875,8212,9043,9037,10312,9094,9606,9353,10404,9950,10382,9842,10744,10865,10686,10987,13250,11717,11642,12417,12800,11340,11773,13789,12769,13005,13248,14512,12952,13369,15655,15853,24932,14649,14897,27021,18127,15473,16662,15694,16531,16461,16413,16758,16803,16748,16382,16076,17928,16551,22260,18279,17399,17893,21102,45448,19438,18494,18720,19372,19993,18877,19282,20123,19287,19670,20342,20416,20974,20400,22075,21464,20771,20945,21084,22954,21967,25606,22015,27943,25085,28442,23142,23112,24810,25070,25907,23537,26823,25819,24628,24644,26317,24831,27068,25151,27517,34399,54479,32416,30304
3194,3916,3944,3939,4069,5039,4539,4845,5169,5704,5292,5682,5398,6790,5495,5943,5940,6307,6406,6003,6095,6617,7497,6931,7246,7375,7473,8483,7546,7781,8914,8182,8819,8513,9875,8974,9350,9221,10383,9815,9955,9958,19117,10334,10481,11023,13501,11244,11696,19085,12938,11871,11571,14630,12713,13095,12982,14954,13452,13135,16365,15860,16626,14310,15046,32341,18727,15725,17452,15659,17500,15967,16461,16682,17087,16754,16847,17223,18514,17200,23638,18133,17150,18593,20448,25499,20792,18321,18557,18601,20020,19721,19643,20450,19982,20294,19690,20768,20747,20774,22304,38821,21528,21794,21666,22874,22306,26364,22310,26524,25504,28249,23259,23483,24969,25330,25477,24242,26378,24880,23531,24728,26943,24896,28312,25149,27929,29861,28504,38234,29095
3605,3691,4052,4949,4102,4536,4864,4604,5488,5686,5624,4930,5560,6669,5460,5475,6135,6180,6745,14845,6465,6742,8437,6811,7479,7471,7499,8102,7635,7833,8977,8621,8753,8229,9175,8602,9256,8952,9734,9752,9940,9721,10516,10242,10369,10320,12249,11267,11399,22801,12756,11527,11877,13659,12773,13181,13176,14122,13525,13207,15459,15319,15862,14574,14760,29217,18282,15530,17429,16068,17790,15712,16762,16250,16632,16816,16630,16368,17830,16497,22126,17958,17150,17506,27040,27961,21163,18305,19034,18538,19812,18917,19025,20144,19033,19483,19523,20304,19930,20963,21420,21071,20891,29258,21194,22492,21176,25959,21908,25848,24234,28164,22477,22864,24988,24308,25510,23522,27033,25135,34399,24755,27082,25144,28256,25214,26882,28505,35338,28297,28844
3786,4260,3795,4248,4112,4634,4866,5155,5200,5750,5392,5559,5501,6436,5280,5596,5631,6449,6593,6138,6538,6444,7905,6704,6883,7395,7391,16562,7761,7834,8944,8368,8862,8578,9980,8450,9091,9892,9843,9559,10255,9676,10136,10564,10702,11155,13422,11760,11841,21697,13468,11877,12250,14057,12831,12831,13195,14881,14062,21841,15704,15792,17082,14743,14904,28341,19087,15778,16741,16214,16858,16455,18080,16651,17462,17239,16845,28994,18065,16973,33876,18641,17586,18486,17352,17454,20374,18445,19986,18968,20136,19547,19179,20607,20001,20120,19977,20258,20742,20400,22210,20834,21184,21638,21497,22585,21805,28396,30617,27894,23503,29380,23446,23458,24899,25688,25695,23698,26502,32790,26925,24869,28233,24472,28843,25888,27917,28736,26915,29389,28868
3504,3442,3753,3925,4076,4621,4746,4641,4732,5197,5021,5105,4868,6540,5343,5959,6193,6371,6471,6498,6640,6401,8061,7059,7088,7557,7104,7581,7786,7871,9137,8573,8780,8370,9489,9127,9116,9574,10088,10060,9914,9875,10654,10116,10257,10383,12257,11359,11579,13599,12826,11385,12425,13424,12468,13858,13312,14622,13394,13458,15437,15769,16124,14915,14515,20342,17139,15180,16261,16368,16960,16291,17222,16083,16928,16549,16583,19356,17607,16960,22484,18522,17447,17469,16949,17293,19672,18142,20609,18605,20160,18957,18905,20256,19523,19818,20182,20160,19753,20396,22391,20990,20486,21567,20942,22786,21601,28106,22100,26581,24712,26268,22546,23025,24723,25082,25218,23670,26797,23367,27504,24413,26525,24465,28067,25434,32268,28029,27392,29428,34491
3254,3798,4854,4099,4278,4413,4648,4585,4570,5931,5558,5438,5205,6577,5576,5764,5642,6759,6657,6222,6507,6341,8867,6854,6941,7472,7446,7524,7532,7868,8802,8501,8587,8259,9437,8607,9033,9588,9748,9699,9817,9919,10232,10713,11318,10740,12377,11434,12037,13185,12471,11637,12312,13714,12746,14025,13466,15359,13586,13495,15924,14968,16522,14711,14592,32683,17712,15244,16902,15847,16916,16114,18546,16503,16876,16686,17350,19616,36934,17131,21440,18229,17518,17682,17488,17195,19985,18488,19964,19121,19972,19075,19553,20747,19909,20185,20428,20559,20766,20918,21650,21056,21149,22256,21760,22665,21909,27635,22732,28991,24339,26984,23294,23305,24649,25456,25580,23784,27095,23464,28002,24710,26665,24963,29242,26014,30535,29300,27379,29610,26115
3385,3619,3642,3808,4034,5686,4794,4600,5173,5738,5896,5311,5564,7147,5110,5820,6832,7059,6254,6486,6870,6930,7820,7245,8351,7901,7765,8166,8677,8815,9107,8653,8791,8968,9655,9132,9239,9905,10013,10241,11033,10300,10506,10635,10730,10672,13388,11277,11776,14090,12596,12034,11997,14770,13169,13915,13600,14786,13885,13884,15848,15178,16193,14236,14964,58651,17130,15061,17389,15599,16938,16104,17726,16587,16956,17130,17884,20703,18647,16631,21935,17688,17121,18663,17838,17643,20646,18297,20649,18540,20738,19012,19668,20510,20857,19583,21922,20147,20730,20581,22698,20455,21059,22154,21577,22426,22296,28091,23455,26078,24853,25651,23087,23218,25121,26188,24516,24169,27445,25762,28465,25036,26377,25386,35636,26039,28099,29802,28130,29727,26054
3739,3876,5955,4009,4240,5028,5579,4536,5088,5054,5477,6240,5272,7282,5533,5730,6638,6724,6636,5941,6135,6920,8156,6761,7117,8865,7249,8997,7803,8295,8484,9672,17499,9103,9404,9897,9371,9504,9660,10511,10092,10439,10636,9878,9992,10538,12705,11399,11810,13257,12369,11375,11931,14117,12534,13625,13151,14656,13646,13526,14935,14807,15275,14236,14470,53211,17248,16121,16513,16756,16170,15916,17589,16704,16288,18487,16414,25101,17527,17240,20617,18795,16735,18078,19459,18730,20457,18844,20438,19491,21114,19433,18714,22090,19317,19964,19896,20807,20058,21036,21304,21002,20256,23302,20762,23738,21036,29159,22719,28230,24542,26571,22887,22804,24423,25646,23015,23223,26109,23683,28000,24312,25653,24444,25926,25162,26470,30988,27480,29228,26452
